id,parent_id,module,title,desc
1,0,Core,Tree,
2,1,Core,Tree Management,
3,1,Core,Tree Library,
4,1,Core,Oil Palm Library,
5,0,Core,Crop,Crop planting schedule/cropping calendar
6,5,Core,Crop Management,Crop planting schedule/cropping calendar
7,5,Core,Crop Library,
8,0,Core,Agroforestry System,"Tree planting density and tree spacing, soil depth and tree position accross zone"
9,8,Core,Agroforestry Design,"Tree planting density and tree spacing, soil depth and tree position accross zone"
10,0,Core,Climate,"Pedotransfer functions for hydraulic properties of soil (adapted from Wosten et al., 1998 and Tomasella-Hodnett)"
11,10,Core,Temperature,
12,11,Core,Air Temperature,
13,11,Core,Soil Temperature,
14,10,Core,Soil Evaporation,
16,14,Core,Evap Type 0,
17,14,Core,Evap Type 1,
15,14,Core,Evap Type 2,
18,10,Core,Rainfall,
21,18,Core,Rain Type 1,
22,18,Core,Rain Type 2,
19,18,Core,Rain Type 3,
20,18,Core,Rain Type 4,
23,10,Core,Irrigation,"Pedotransfer functions for hydraulic properties of soil (adapted from Wosten et al., 1998 and Tomasella-Hodnett)"
24,0,Core,Soil,"Pedotransfer functions for hydraulic properties of soil (adapted from Wosten et al., 1998 and Tomasella-Hodnett)"
25,24,Core,Soil Nutrient,
26,25,Core,Nitrogen,
27,24,Core,Soil Water,"Pedotransfer functions for hydraulic properties of soil (adapted from Wosten et al., 1998 and Tomasella-Hodnett)"
28,0,Additional,Tree,
29,28,Additional,Specific Tree Parameters,
30,29,Additional,Initial biomass and height,
31,29,Additional,Tree leaf phenology,
32,29,Additional,Tree stem (SapWood and HeartWood),
33,29,Additional,Tree transpiration,
37,0,Additional,Economy,Profitability
38,37,Additional,Profitability,Profitability
42,0,Additional,Management,Crop planting schedule/cropping calendar
43,42,Additional,Weeding,
44,42,Additional,Slash & Burn,"The table below contains default values for the slashing schedule and parameters for the impacts of a burning event, depending on the surface temperature during the burn.  Values shown in blue font are default values."
45,44,Additional,Ash,
46,44,Additional,Burning Time,
47,44,Additional,Burning Impacts,
48,44,Additional,Slashing Calendar,
49,42,Additional,Maintenance Respiration,
50,42,Additional,Crop Biomass Harvest,Crop planting schedule/cropping calendar
51,42,Additional,Timber Harvesting,
52,42,Additional,Fertilization,Crop planting schedule/cropping calendar
53,42,Additional,Soil Tillage,"Soil tillage will move organic inputs from the soil surface to the soil organic matter pools. You can specify the years and day-of-year's that this will happen, as well as the zones to which it will apply. There is also an option to plough a fixed number of days before each new crop is planted."
54,42,Additional,Grazing,"If G Graze[Zn] = 1, grazers have access to that zone regardless of crop stage; otherwise only if G_Graze Offseason? = 1 and crop stage = 0; The G_GrazingCycle determines the cycle in days at which animals graze the simulated patch, with G_GrazingCycle*Stockingrate as number, SLU as weight and G DayDemp[Comp] as daily requirement for DW, N and P, respectively"
55,42,Additional,Pest & Diseases,
56,42,Additional,Latex Production,
57,42,Additional,Fruit Harvesting,
58,42,Additional,Killing Trees,
59,42,Additional,Prunning Event,"Pruning event determined by tree LAI. Trees will be pruned if TotalTreeLAI >T_PrunLimit_x000D_
 total tree LAI in crop zones >PrunLimit  and crop stage is < Prun_StageLimit"
60,0,Additional,Soil,"Root Type (Rt_ATType or Rt_ACType): 0 = Lrv data, 1 = constant exponential/elliptical function, 2 = dynamic exponential/elliptical function"
61,60,Additional,Sloping Land,
62,61,Additional,Soil Surface,
63,61,Additional,Soil Erosion,
64,60,Additional,SOM,Other factors affecting decomposition and soil texture. Clay and Silt content are also affecting decomposition.  Their value are automatically the same as initial value for pedotransfer.
65,64,Additional,Litter Quality,"Organic inputs, including tree and cropp lignin  and polyphenol content"
66,64,Additional,Quality of external organic input,
67,64,Additional,Initial C & N in Litter Pool,
68,64,Additional,Other factors affecting decomposition,Other factors affecting decomposition and soil texture. Clay and Silt content are also affecting decomposition.  Their value are automatically the same as initial value for pedotransfer.
69,64,Additional,Initial C & N in SOM Pool,"Three methods are provided for initializing the soil organic matter pools: for MC_SOMInitType = 1 the user can specify all pool sizes for all zones, for MC_SOMInitType = 2 the user can specify the size of all pools relative to those for a forest soil ](Cref) that is calculated from soil texture data, for MC_SOMInitType = 3 the user specifies the Corg and Cref directly, but otherwise follows the procedure of  Type 2"
70,64,Additional,Litter->SOM transfer,
71,64,Additional,SOM Distribution,SOM distribution by layer (relative)
72,64,Additional,C:N Ratio of Litter Pool,
73,64,Additional,N:P Ratio of Litter Pool,
74,60,Additional,Roots,"Root Type (Rt_ATType or Rt_ACType): 0 = Lrv data, 1 = constant exponential/elliptical function, 2 = dynamic exponential/elliptical function"
75,74,Additional,Root Parasitism,"An option is provided for simulating root parasitism by Tree 1 on roots of Tree2, Tree3 or any of the crop (or weed) types. The 'effectiveness' parameter specified here is multiplied with the product of the root length densities (in layer 1 and 2) of the host and the parasite to derive the fraction of roots that is parasitized (in all soil layers) and effectively belongs to (contributes to water and nutrient uptake) of the parasite in stead of the host."
76,74,Additional,Roots & Mycorrhiza,"Root Type (Rt_ATType or Rt_ACType): 0 = Lrv data, 1 = constant exponential/elliptical function, 2 = dynamic exponential/elliptical function"
77,60,Additional,Soil Texture,
78,60,Additional,GHG,
79,60,Additional,Soil Structure,
80,60,Additional,Litterfall,
81,60,Additional,Soil Water,"Pedotransfer functions for hydraulic properties of soil (adapted from Wosten et al., 1998 and Tomasella-Hodnett)"
82,60,Additional,Soil Nutrient,
83,82,Additional,Fertilizer Movement,
999,0,Hidden,(Removed from UI),"Kept in engine, hidden from UI"
1000,13,Core,Soil Temp Type 0,Daily soil temperature data
1001,13,Core,Soil Temp Type 1,Constant soil temperature
1002,13,Core,Soil Temp Type 2,Monthly average soil temperature
