var,type,subtype,id,group_id,order,style,module
AF_AnyTrees_is,vars,,-1,0,,Slider (0-1),Simulation
AF_Circ,vars,,9,0,,Options between Parkland (1) and Alley Cropping (0),Core
AF_Crop_is,vars,,-1,0,,Slider (0-1),Simulation
AF_DepthLay,arrays,layer,9,0,,,Core
AF_DynPestImpacts_is,vars,,-1,0,,Slider (0-1),Simulation
AF_RunNutLim_is,arrays,nut,-1,0,,Slider (0-1),Simulation
AF_RunWatLim_is,vars,,-1,0,,Slider (0-1),Simulation
AF_TreePosit,arrays,tree,9,0,,,Core
AF_ZoneTot,vars,,9,0,,,Core
AF_ZoneWidth,arrays,zone,9,0,,,Core
CA_DOYStart,vars,,-1,0,,Slider (0-365),Simulation
RAIN_Multiplier,vars,,-1,0,,Slider (0-1),Simulation
T_RelPosinZone,arrays,tree,9,0,,,Core
T_Treesperha,arrays,tree,9,0,,,Core
W_Hyd_is,vars,,999,0,,,Core
W_WaterLog_is,vars,,-1,0,,Slider (0-1),Simulation
C_TMin,vars,,12,0,,,Core
C_TOpt,vars,,12,0,,,Core
EVAP_MonthlyMean_AirTemp,arrays,calender,15,0,,Keep as previous,Core
EVAP_MonthlyMean_DayLength,arrays,calender,15,0,,Keep as previous,Core
RAIN_AType,vars,,999,0,,option (4 options) then hyperlink to each types,Core
RAIN_BoundHeaLi,vars,,19,0,,,Core
RAIN_CoefVar3,vars,,19,0,,,Core
RAIN_CoefVar4,vars,,20,0,,,Core
RAIN_Data,graphs,,21,0,,,Core
RAIN_DayProp,graphs,,19,0,,,Core
RAIN_GenSeed,vars,,19,0,,,Core
RAIN_Heavy,vars,,19,0,,,Core
RAIN_HeavyP,vars,,19,0,,,Core
RAIN_Light,vars,,19,0,,,Core
RAIN_MonthlyMean_RainfallMax,vars,,22,0,,,Core
RAIN_MonthlyMean_RainfallMin,vars,,22,0,,,Core
RAIN_MonthlyMean_TotalRainfall,arrays,calender,22,0,,,Core
RAIN_MonthTot,graphs,,20,0,,,Core
RAIN_Numberof_DaysperMonth,arrays,calender,22,0,,,Core
RAIN_Numberof_WetDaypM,arrays,calender,22,0,,,Core
RAIN_OffsetValue,vars,,22,0,,,Core
RAIN_Pattern1_Max,vars,,22,0,,,Core
RAIN_Pattern1_Min,vars,,22,0,,,Core
RAIN_Peakines_Season1,vars,,22,0,,,Core
RAIN_Peakines_Season2,vars,,22,0,,,Core
RAIN_Probability,vars,,22,0,,,Core
RAIN_RelWet_PersistencepM,arrays,calender,22,0,,,Core
RAIN_Shape_Max,vars,,22,0,,,Core
RAIN_Shape_Min,vars,,22,0,,,Core
RAIN_UniorBimodial_is,vars,,22,0,,,Core
RAIN_Weibull_Param,vars,,22,0,,,Core
RAIN_WettestMonth_Season1,vars,,22,0,,,Core
RAIN_WettestMonth_Season2,vars,,22,0,,,Core
RAIN_CumDay,graphs,,20,0,,,Core
TEMP_AirDailyData,graphs,,12,0,,,Core
TEMP_AType,vars,,999,0,,"Options for Type 1, Type 2, Type 3",Core
TEMP_Cons,vars,,1001,0,,,Core
TEMP_DailyPotEvap,graphs,,16,0,,Table,Core
TEMP_MonthAvg,graphs,,1002,0,,,Core
TEMP_PotEvapConst,vars,,17,0,,Keep as previous,Core
TEMP_PotEvapConst_is,vars,,999,0,,"Options with hyperlink (1 = TEMP_PotEvapConst, 0 = TEMP_DailyPotEvap, 2 = EVAP_MonthlyMean_AirTemp and EVAP_MonthlyMean_DayLength)",Core
TEMP_SoilDailyData,graphs,,1000,0,,,Core
C_CanLow,arrays,zone,999,0,,,Additional
CA_ComplCrop,arrays,zone,999,0,,,Additional
CA_PlantDoY,graphs,,6,0,,Table per Zone,Core
CA_PlantYear,graphs,,6,0,,Table per Zone,Core
CQ_AgronYieldMoistFrac,arrays,crop,7,0,,Keep as previous,Core
CQ_CHarvAlloc,graphs,,7,0,,Keep as previous,Core
CQ_ClosedCanCurr,arrays,crop,7,0,,Keep as previous,Core
CQ_CLWR,graphs,,7,0,,Keep as previous,Core
CQ_ConductivityCurr,arrays,crop,7,0,,Keep as previous,Core
CQ_CovEffCurr,arrays,crop,7,0,,Keep as previous,Core
CQ_CRelLUE,graphs,,7,0,,Keep as previous,Core
CQ_CropGraze,vars,,7,0,,Keep as previous,Core
CQ_CropType,graphs,,999,0,,,Additional
CQ_CropWeedSwitch,arrays,zone,7,0,,Keep as previous,Core
CQ_CRtAlloc,graphs,,7,0,,Keep as previous,Core
CQ_CSLA,graphs,,7,0,,Keep as previous,Core
CQ_CTimeGenCurr,arrays,crop,7,0,,Keep as previous,Core
CQ_CTimeVegCurr,arrays,crop,7,0,,Keep as previous,Core
CQ_DOYFlwDOYBegin,arrays,crop,7,0,,Keep as previous,Core
CQ_DOYFlwEnd,arrays,crop,7,0,,Keep as previous,Core
CQ_GroMaxCurr,arrays,crop,7,0,,Keep as previous,Core
CQ_GSeedCurr,arrays,crop,7,0,,Keep as previous,Core
CQ_HBiomConvCurr,arrays,crop,7,0,,Keep as previous,Core
CQ_kLightCurr,arrays,crop,7,0,,Keep as previous,Core
CQ_LignResidCurr,arrays,crop,7,0,,Keep as previous,Core
CQ_LignRootResCurr,arrays,crop,7,0,,Keep as previous,Core
CQ_MaxMycInf,arrays,crop,7,0,,Keep as previous,Core
CQ_NConcOldCurr,arrays,cropnut,7,0,,Keep as previous,Core
CQ_NConcYoungCurr,arrays,cropnut,7,0,,Keep as previous,Core
CQ_NFixDailyFracCurr,arrays,crop,7,0,,Keep as previous,Core
CQ_NFixDWMaxFracCurr,arrays,crop,7,0,,Keep as previous,Core
CQ_NFixDWUnitCostCurr,arrays,crop,7,0,,Keep as previous,Core
CQ_NFixRespCurr,arrays,crop,7,0,,Keep as previous,Core
CQ_NFixVariable_is_Curr,arrays,crop,7,0,,Keep as previous,Core
CQ_NRtConcCurr,arrays,crop,7,0,,Keep as previous,Core
CQ_PolyResid,arrays,crop,7,0,,Keep as previous,Core
CQ_PolyRt,arrays,crop,7,0,,Keep as previous,Core
CQ_PotSuctAlphMaxCurr,arrays,crop,7,0,,Keep as previous,Core
CQ_PotSuctAlphMinCurr,arrays,crop,7,0,,Keep as previous,Core
CQ_RainWStorCapCurr,arrays,crop,7,0,,Keep as previous,Core
CQ_RelLightMaxCurr,arrays,crop,7,0,,Keep as previous,Core
CQ_RemobFrac,arrays,crop,7,0,,Keep as previous,Core
CQ_RtDiam,arrays,crop,7,0,,Keep as previous,Core
CQ_SingleCycle_is_Cur,arrays,crop,7,0,,Keep as previous,Core
CQ_Stage,arrays,zone,7,0,,Keep as previous,Core
CQ_StageAfterGraze,vars,,7,0,,Keep as previous,Core
CQ_TranspRatioCurr,arrays,crop,7,0,,Keep as previous,Core
Lrvm,arrays,croplayer,7,0,,Keep as previous,Core
CQ_Species,arrays,crop,7,0,,Keep as previous,Core
P_BurnLab,vars,,38,0,,,Additional
P_CFertLab,arrays,crop,999,0,,,Additional
P_CHarvLab,arrays,crop,999,0,,,Additional
P_CNuFertAppperCropSeason,vars,,38,0,,,Additional
P_CPestConLab,arrays,crop,999,0,,,Additional
P_CPestContPrice,arrays,price,38,0,,,Additional
P_CPlantLab,arrays,crop,999,0,,,Additional
P_CWeedLab,arrays,crop,999,0,,,Additional
P_CYieldPrice,arrays,cropprice,999,0,,,Additional
P_DiscountRate,vars,,38,0,,,Additional
P_FenceMatCost,arrays,price,38,0,,,Additional
P_LabourforPestContrl_is,vars,,38,0,,,Additional
P_LabourforWeed_is,vars,,38,0,,,Additional
P_PriceCSeed,arrays,cropprice,999,0,,,Additional
P_PriceFert,arrays,nutprice,38,0,,,Additional
P_TFertLab,arrays,tree,38,0,,,Additional
P_TFruitHarvLab,arrays,tree,999,0,,,Additional
P_TFruitPrice,arrays,treeprice,999,0,,,Additional
P_TLatexHarvLab,arrays,tree,999,0,,,Additional
P_TLatexPrice,arrays,treeprice,999,0,,,Additional
P_TNuFertAppperTreeAge,arrays,tree,38,0,,,Additional
P_TPlantLab,arrays,tree,999,0,,,Additional
P_TPrunLab,arrays,tree,999,0,,,Additional
P_TPrunPrice,arrays,treeprice,999,0,,,Additional
P_TSeedPrice,arrays,treeprice,999,0,,,Additional
P_TWoodHarvLab,arrays,tree,999,0,,,Additional
P_TWoodPrice,arrays,treeprice,999,0,,,Additional
P_UnitLabCost,arrays,price,38,0,,,Additional
T_FruitMoistFrac,arrays,tree,38,0,,,Additional
T_LatexMoistFrac,arrays,tree,38,0,,,Additional
T_PrunMoistFrac,arrays,tree,38,0,,,Additional
T_WoodMoistFrac,arrays,tree,38,0,,,Additional
AF_SimulateWeeds_is,vars,,43,0,,,Additional
AF_TreeCircleWeedFree_is,vars,,43,0,,,Additional
AF_WeedZn_is,arrays,zone,43,0,,,Additional
ASH_init_BD,vars,,45,0,,,Additional
ASH_Init_Water,vars,,45,0,,,Additional
ASH_layer_depth,arrays,zone,45,0,,,Additional
ASH_SOM_pools,vars,,45,0,,,Additional
ASH_Time,vars,,45,0,,,Additional
C_ApplyMaintResp_is,vars,,49,0,,,Additional
C_BiomHarv_is,vars,,50,0,,,Additional
C_BiomHarvestDoY,graphs,,50,0,,Table Harvest Crop,Additional
C_BiomHarvestFracD,graphs,,50,0,,Table Harvest Crop,Additional
C_BiomHarvestY,graphs,,50,0,,Table Harvest Crop,Additional
C_DailyWeedSeedDecayFrac,vars,,43,0,,,Additional
C_RelRespGroRes,vars,,49,0,,,Additional
C_RelRespRt,vars,,49,0,,,Additional
C_RelRespStLv,vars,,49,0,,,Additional
C_RelRespYieldCurr,vars,,49,0,,,Additional
C_ResidRemovalFrac,vars,,51,0,,,Additional
C_RespperBiom,vars,,49,0,,,Additional
C_RespTemp,graphs,,49,0,,,Additional
C_WeedGermFrac,vars,,43,0,,,Additional
C_WeedSeedBankInit,vars,,43,0,,,Additional
C_WeedSeedExtInflux,vars,,43,0,,,Additional
CA_ExtOrgApply_is,graphs,,52,0,,Table,Additional
CA_FertAmount,graphs,,52,0,,Table,Additional
CA_FertAppDoY,graphs,,52,0,,Table,Additional
CA_FertApply_is,graphs,,52,0,,Table,Additional
CA_FertAppYear,graphs,,52,0,,Table,Additional
CA_ImmAmount,graphs,,52,0,,Table,Additional
CA_ImmDOY,graphs,,52,0,,Table,Additional
CA_ImmY,graphs,,52,0,,Table,Additional
CQ_WeedType,vars,,43,0,,,Additional
E_IntvPloughPlant,vars,,53,0,,,Additional
E_PloughBefPlant_is,vars,,53,0,,,Additional
E_PloughDoY,graphs,,53,0,,,Additional
E_PloughY,graphs,,53,0,,,Additional
E_TillZone_is,arrays,zone,53,0,,,Additional
G_AnimRespFrac,arrays,pcomp,54,0,,,Additional
G_AnmWGfrac,arrays,pcomp,54,0,,,Additional
G_BiomDep,graphs,,54,0,,,Additional
G_DayDempKgDay,arrays,pcomp,54,0,,,Additional
G_Graze_Offseason_is,vars,,54,0,,,Additional
G_Graze_Zn_is,arrays,zone,54,0,,,Additional
G_Grazing_Cycle,vars,,54,0,,,Additional
G_LivestWeightGain,vars,,54,0,,,Additional
G_Ndep,graphs,,54,0,,,Additional
G_SLU,vars,,54,0,,,Additional
G_StageDep,graphs,,54,0,,,Additional
G_StockingRate_per_ha,vars,,54,0,,,Additional
PD_CFrugivore_is,arrays,animal,55,0,,,Additional
PD_CFrugivory,arrays,crop,55,0,,,Additional
PD_CHerbivore_is,arrays,animal,55,0,,,Additional
PD_CHerbivory,arrays,crop,55,0,,,Additional
PD_CRhizovore_is,arrays,animal,55,0,,,Additional
PD_CRhizovory,arrays,crop,55,0,,,Additional
PD_CropsEaten_is,arrays,cropanimal,55,0,,,Additional
PD_FenceBuildDoY,graphs,,55,0,,,Additional
PD_FenceBuildLabSeq,graphs,,55,0,,,Additional
PD_FenceBuildY,graphs,,55,0,,,Additional
PD_FenceDecK,vars,,55,0,,,Additional
PD_FenceFullQual,vars,,55,0,,,Additional
PD_FenceMaint_is,vars,,55,0,,,Additional
PD_FenceMUnit,vars,,55,0,,,Additional
PD_FenceQThresh,vars,,55,0,,,Additional
PD_HalfFenceTime,vars,,55,0,,,Additional
PD_JumptheFence_is,arrays,animal,55,0,,,Additional
PD_PopulOutside,arrays,animal,55,0,,,Additional
PD_ResidenceinPlot_is,arrays,animal,55,0,,,Additional
PD_TEatenBy_is,arrays,treeanimal,55,0,,,Additional
PD_TFrugiv_Abort,arrays,tree,55,0,,,Additional
PD_TFrugivore_is,arrays,animal,55,0,,,Additional
PD_THerbivore_is,arrays,animal,55,0,,,Additional
PD_THerbivory,arrays,tree,55,0,,,Additional
PD_TLignovore_is,arrays,animal,55,0,,,Additional
PD_TLignovory,arrays,tree,55,0,,,Additional
PD_TRhizovore_is,arrays,animal,55,0,,,Additional
PD_TRhizovory,arrays,tree,55,0,,,Additional
SB_2ndFireafterPileUp,vars,,46,0,,,Additional
SB_AerosolFrac,graphs,,47,0,,,Additional
SB_CritMoist,vars,,46,0,,,Additional
SB_DailyDeadWoodLitTransfer,vars,,47,0,,,Additional
SB_DailyNecromLitTransfer,vars,,47,0,,,Additional
SB_DeadWoodBurnFrac,graphs,,47,0,,,Additional
SB_DeadWoodFuelFact,vars,,47,0,,,Additional
SB_DW_is,arrays,pcomp,44,0,,,Additional
SB_FirImpPsorption,graphs,,47,0,,,Additional
SB_FirIndPmobiliz,graphs,,47,0,,,Additional
SB_FirMortSeedBank,graphs,,47,0,,,Additional
SB_FuelloadFactor,vars,,47,0,,,Additional
SB_InitialpH,vars,,44,0,,,Additional
SB_LeafAshCont,vars,,44,0,,,Additional
SB_MaxDryingPer,vars,,46,0,,,Additional
SB_MinDryingPer,vars,,46,0,,,Additional
SB_NecroBurnFrac,graphs,,47,0,,,Additional
SB_NVolatFrac,graphs,,47,0,,,Additional
SB_pHChangePerCationInput,vars,,44,0,,,Additional
SB_pHmodPsorp,graphs,,44,0,,,Additional
SB_pHRecFrac,vars,,47,0,,,Additional
SB_PileUpFrac,vars,,46,0,,,Additional
SB_PileUpWgt,arrays,zone,44,0,,,Additional
SB_PsorpRecFrac,vars,,47,0,,,Additional
SB_PVolatFrac,graphs,,47,0,,,Additional
SB_ScorchWRemFra,vars,,47,0,,,Additional
SB_SlashDOY,graphs,,48,0,,,Additional
SB_SlashYear,graphs,,48,0,,,Additional
SB_SOMBurnFrac,graphs,,47,0,,,Additional
SB_SurfLitBurnFrac,graphs,,47,0,,,Additional
SB_TimetoPileUp,vars,,46,0,,,Additional
SB_TimeToWoodRemoval,vars,,46,0,,,Additional
SB_TTempTol,arrays,tree,44,0,,,Additional
SB_WatRetRecFrac,vars,,47,0,,,Additional
SB_WetnessTempImp,vars,,47,0,,,Additional
SB_WindEffect,vars,,44,0,,,Additional
SB_WoodAshCont,vars,,44,0,,,Additional
T_BarkThickness,graphs,,56,0,,,Additional
T_BrownBast_is,vars,,56,0,,,Additional
T_CanMaintResp,vars,,56,0,,,Additional
T_DiamTreshHarv,arrays,tree,51,0,,,Additional
T_DynTappingFrac,graphs,,56,0,,,Additional
T_ExpRetThresh,vars,,56,0,,,Additional
T_FruitAllocStage,graphs,,57,0,,,Additional
T_FruitHarvFrac,arrays,tree,57,0,,,Additional
T_GenLitFracMax,arrays,tree,57,0,,,Additional
T_GenLitStage,graphs,,57,0,,,Additional
T_GrowthResp,vars,,56,0,,,Additional
T_Kill2DOY,arrays,tree,58,0,,,Additional
T_Kill2Y,arrays,tree,58,0,,,Additional
T_Kill3DOY,arrays,tree,58,0,,,Additional
T_Kill3Y,arrays,tree,58,0,,,Additional
T_KillDOY,arrays,tree,58,0,,,Additional
T_KillY,arrays,tree,58,0,,,Additional
T_LatexFormResp,vars,,56,0,,,Additional
T_LatexMaintResp,vars,,56,0,,,Additional
T_LatexPotProd,graphs,,56,0,,,Additional
T_LatexRecoveryTime,vars,,56,0,,,Additional
T_MaxBarkLatexContent,vars,,56,0,,,Additional
T_MaxGrowthUtFrac,vars,,56,0,,,Additional
T_MaxUseFrac,vars,,56,0,,,Additional
T_MemExpY,vars,,56,0,,,Additional
T_MinDiamforTappingcm,vars,,56,0,,,Additional
T_PanelQuality1,arrays,tree,56,0,,,Additional
T_PanelQuality2,arrays,tree,56,0,,,Additional
T_PanelRecoveryTime,vars,,56,0,,,Additional
T_PrunFracC,arrays,tree,59,0,,,Additional
T_PrunFracD,graphs,,59,0,,,Additional
T_PrunHarvFracC,arrays,tree,59,0,,,Additional
T_PrunHarvFracD,graphs,,59,0,,,Additional
T_PrunLimit,vars,,59,0,,,Additional
T_PrunRecov,arrays,tree,59,0,,,Additional
T_PrunStageLimit,vars,,59,0,,,Additional
T_PrunWeight,arrays,zonetree,59,0,,,Additional
T_RecoveryExp,vars,,56,0,,,Additional
T_RelLatexFormPriority,vars,,56,0,,,Additional
T_RestDaysperTappingday,graphs,,56,0,,,Additional
T_SlashLabour,graphs,,44,0,,,Additional
T_SlashSellWoodFrac,arrays,tree,44,0,,,Additional
T_StageAftPrun_is,arrays,treestage,999,0,,,Additional
T_Tapatall_is,vars,,56,0,,,Additional
T_TapGirthFraction,vars,,56,0,,,Additional
T_TappableHeight,vars,,56,0,,,Additional
T_TappDOW,vars,,56,0,,,Additional
T_TappingFrac,vars,,56,0,,,Additional
T_TappingFracMultiplier,vars,,56,0,,,Additional
T_TappingSlice,vars,,56,0,,,Additional
T_Temp,graphs,,56,0,,,Additional
T_TempRespMaint,graphs,,56,0,,,Additional
T_WoodFracHRemain,arrays,tree,59,0,,,Additional
T_WoodHarvDoY,graphs,,51,0,,,Additional
T_WoodHarvFrac,arrays,tree,51,0,,,Additional
T_WoodHarvY,graphs,,51,0,,,Additional
T_WoodMaintResp,vars,,56,0,,,Additional
AF_DeepSubSoil,vars,,62,0,,,Additional
AF_DepthDynamic_is,vars,,62,0,,,Additional
AF_DepthGroundWater_Table,vars,,62,0,,,Additional
AF_LitLayerDepth,arrays,zone,64,0,,,Additional
AF_PlotNumberUphill,vars,,62,0,,,Additional
AF_RunOnFrac,vars,,62,0,,,Additional
AF_SlopeSoilHoriz,vars,,62,0,,,Additional
AF_SlopeSurfInit,vars,,62,0,,,Additional
AF_StoneFrac,arrays,zonelayer,62,0,,,Additional
C_HostEffForT1,arrays,crop,75,0,,,Additional
ClayLayer,arrays,layer,77,0,,,Additional
E_CovEffLitter,vars,,63,0,,,Additional
E_EntrailmentCoeffBarePlot,vars,,63,0,,,Additional
E_ErosiType,vars,,63,0,,,Additional
E_Erosiveness,graphs,,63,0,,,Additional
E_RainFac,vars,,63,0,,,Additional
E_RelSedConcRunOn,vars,,63,0,,,Additional
E_SlopeFac,graphs,,63,0,,,Additional
E_SoilMovperPlou,vars,,63,0,,,Additional
E_SoilType,vars,,63,0,,,Additional
GHG_AnaerobLayerW,arrays,layer,78,0,,,Additional
GHG_AnaerobMem,vars,,78,0,,,Additional
GHG_AnaeroThresh,vars,,78,0,,,Additional
GHG_CH4_Km,vars,,78,0,,,Additional
GHG_GWP_CH4,vars,,78,0,,,Additional
GHG_GWP_N2O,vars,,78,0,,,Additional
GHG_LittMinMultiplier,vars,,78,0,,,Additional
GHG_N2_per_NOx,graphs,,78,0,,,Additional
GHG_PotCH4Em,vars,,78,0,,,Additional
GHG_PotCH4oxid,vars,,78,0,,,Additional
GHG_SatTimeDuringVDrainDay,vars,,78,0,,,Additional
LF_FracGWReleaseAsInflow,vars,,62,0,,,Additional
LF_GW_ReleaseFraction,vars,,62,0,,,Additional
LF_SubSurfInflowAdd4,vars,,62,0,,,Additional
MC_Carbon,vars,,65,0,,,Additional
MC_CExtOrg,arrays,inp,66,0,,,Additional
MC_CNRatInitMet,arrays,zone,67,0,,,Additional
MC_EffMetab,vars,,64,0,,,Additional
MC_EffPass,vars,,64,0,,,Additional
MC_EffSlwAct,vars,,64,0,,,Additional
MC_EffSlwPass,vars,,64,0,,,Additional
MC_EffStrucAct,vars,,64,0,,,Additional
MC_EffStrucSlw,vars,,64,0,,,Additional
MC_EffStrucSlwSOM,vars,,64,0,,,Additional
MC_LignExtOrg,arrays,inp,66,0,,,Additional
MC_LitTempLim,graphs,,64,0,,,Additional
MC_PolypExtOrg,arrays,inp,66,0,,,Additional
MC_RelKActLit,vars,,68,0,,,Additional
MC_RelKMetabLit,vars,,68,0,,,Additional
MC_RelKPassLit,vars,,68,0,,,Additional
MC_RelKSlwLit,vars,,68,0,,,Additional
MC_RelKStrucLit,vars,,68,0,,,Additional
MC_TextLitLayer,vars,,64,0,,,Additional
MC2_ClayCoeffCref,vars,,68,0,,,Additional
MC2_CNRatInitMet,arrays,zone,64,0,,,Additional
MC2_CorgInitMeth3,vars,,69,0,,,Additional
MC2_CorgpCref,vars,,69,0,,,Additional
MC2_CrefMeth3,vars,,69,0,,,Additional
MC2_CrefOffset,vars,,68,0,,,Additional
MC2_CSlowFrac,graphs,,64,0,,,Additional
MC2_EffPass,vars,,64,0,,,Additional
MC2_EffSlwAct,vars,,64,0,,,Additional
MC2_EffStrucAc,vars,,64,0,,,Additional
MC2_kAct,vars,,68,0,,,Additional
MC2_kMetab,vars,,68,0,,,Additional
MC2_kPass,vars,,68,0,,,Additional
MC2_kRelLayer,arrays,layer,64,0,,,Additional
MC2_kSlw,vars,,68,0,,,Additional
MC2_kStruc,vars,,68,0,,,Additional
MC2_pH,vars,,68,0,,,Additional
MC2_pHCoeffCref,vars,,68,0,,,Additional
MC2_RainTransfer,arrays,cpools,70,0,,,Additional
MC2_SiltClayCoeffCref,vars,,68,0,,,Additional
MC2_SoilTillTransfer,arrays,cpools,70,0,,,Additional
MC2_SOMDist,arrays,layer,71,0,,,Additional
MC2_SomInitType,vars,,69,0,,,Additional
MC2_TempLim,graphs,,64,0,,,Additional
MC2_WormTransfer,arrays,cpools,70,0,,,Additional
MN_CNAct,vars,,72,0,,,Additional
MN_CNPass,vars,,72,0,,,Additional
MN_CNSlw,vars,,72,0,,,Additional
MN_CNStruc,vars,,72,0,,,Additional
MN_ExtOrgN,arrays,nutinp,66,0,,,Additional
MN_InitAct,arrays,zone,67,0,,,Additional
MN_InitMetab,arrays,zone,67,0,,,Additional
MN_InitPass,arrays,zone,67,0,,,Additional
MN_InitSlw,arrays,zone,67,0,,,Additional
MN_InitStruc,arrays,zone,67,0,,,Additional
MN_NutRatAct,arrays,nut,73,0,,,Additional
MN_NutRatMetab,arrays,nut,73,0,,,Additional
MN_NutRatPas,arrays,nut,73,0,,,Additional
MN_NutRatSlw,arrays,nut,73,0,,,Additional
MN_NutRatStruc,arrays,nut,73,0,,,Additional
MN2_InitAct,arrays,zone,64,0,,,Additional
MN2_InitMetab,arrays,zone,64,0,,,Additional
MN2_InitPassx,arrays,zone,64,0,,,Additional
MN2_InitSlw,arrays,zone,64,0,,,Additional
MN2_InitStruc,arrays,zone,64,0,,,Additional
MN2_NSOMMinExch,vars,,64,0,,,Additional
MN2_PassRelLayer,arrays,layer,64,0,,,Additional
MP2_InitStruc,arrays,zone,64,0,,,Additional
MP2_SomMinExchBuffer,vars,,64,0,,,Additional
N_Lat4InflowRelConc,vars,,62,0,,,Additional
N_RtSynloc,arrays,layer,76,0,,,Additional
RT_ACType,vars,,76,0,,,Additional
RT_ATType,arrays,tree,76,0,,,Additional
RT_CDecDepthAct,arrays,zone,76,0,,,Additional
RT_CDecDepthC,arrays,crop,76,0,,,Additional
RT_CDistResp,arrays,crop,76,0,,,Additional
RT_CHalfLifeCurr,arrays,crop,76,0,,,Additional
RT_CLraC,arrays,crop,76,0,,,Additional
RT_CLrvPlatDep,vars,,76,0,,,Additional
RT_CLrvt,graphs,,76,0,,,Additional
RT_CMultiplier,vars,,76,0,,,Additional
RT_CRhizExt,vars,,76,0,,,Additional
RT_CRtAllocRespCurr,arrays,crop,76,0,,,Additional
RT_CSRLCurr,arrays,crop,76,0,,,Additional
RT_MCHypDiam,vars,,76,0,,,Additional
RT_MCHypL,vars,,76,0,,,Additional
RT_MCInfFrac,arrays,layer,76,0,,,Additional
RT_MTHypDiam,arrays,tree,76,0,,,Additional
RT_MTHypL,arrays,tree,76,0,,,Additional
RT_MTInfFrac,arrays,layer,76,0,,,Additional
RT_StopGap,vars,,76,0,,,Additional
RT_T_FixedSRL,vars,,75,0,,,Additional
RT_T_HostEffForT1,arrays,tree,75,0,,,Additional
RT_T_UseFBASRL_is,vars,,75,0,,,Additional
RT_THalfRtAllocStage,vars,,75,0,,,Additional
RT_TMultiplier,vars,,76,0,,,Additional
RT3_PowerAllocRtL,vars,,74,0,,,Additional
RT3_SoilT,arrays,zonelayer,74,0,,,Additional
RT3_TempRespforRtD,vars,,74,0,,,Additional
RT3_TFRInit,arrays,zonelayertree,74,0,,,Additional
S_BDBDRefDecay,vars,,79,0,,,Additional
S_BDEqPower,vars,,79,0,,,Additional
S_C_RT_StrucFormFrac,vars,,79,0,,,Additional
S_KsatDefV,arrays,layer,79,0,,,Additional
S_KSatHperV,arrays,zonelayer,79,0,,,Additional
S_KsatInitV,arrays,layer,79,0,,,Additional
S_KsatVDeepSub,vars,,79,0,,,Additional
S_RelSurfInfiltrInit,arrays,zone,79,0,,,Additional
S_RelWormLit,arrays,layer,79,0,,,Additional
S_RelWormSurf,vars,,79,0,,,Additional
S_SoilStructDyn_is,vars,,79,0,,,Additional
S_SurfInfiltrPerKsatDef,arrays,zone,79,0,,,Additional
S_T_RT_StrucFormFrac,arrays,tree,79,0,,,Additional
S_WormsLikeLitMetab,vars,,79,0,,,Additional
S_WormsLikeLitStruc,vars,,79,0,,,Additional
S_WormsLikeSOMMetab,vars,,79,0,,,Additional
S_WormsLikeSOMStruc,vars,,79,0,,,Additional
SiltLayer,arrays,layer,77,0,,,Additional
T_LifallWeight,arrays,zonetree,80,0,,,Additional
TP_BiomNutrContent,arrays,pcomp,75,0,,,Additional
TP_IncludeTreeParasites_is,vars,,75,0,,,Additional
TP_MaxSizePerparasite,vars,,75,0,,,Additional
TP_ParasiteRemoval,arrays,treepcomp,75,0,,,Additional
TP_ParasitesPerM2ofBranch,vars,,75,0,,,Additional
TP_SLA_LWR,vars,,75,0,,,Additional
TP_TimeToReachMaxSize,vars,,75,0,,,Additional
TP_WaterDemandperLeafArea,vars,,75,0,,,Additional
E_CovEffT,arrays,tree,3,0,,Keep as previous,Core
N_TRhizKaPMod,arrays,tree,3,0,,Keep as previous,Core
N15_Add,arrays,zonelayer,3,0,,Keep as previous,Core
N15_Stock,arrays,zonelayer,3,0,,Keep as previous,Core
N15_T_Can,arrays,tree,3,0,,Keep as previous,Core
N15_T_Fruit,arrays,tree,3,0,,Keep as previous,Core
N15_T_GroRes,arrays,tree,3,0,,Keep as previous,Core
N15_T_Rt,arrays,tree,3,0,,Keep as previous,Core
N15_T_Wd,arrays,tree,3,0,,Keep as previous,Core
RT_TAlloc,arrays,tree,3,0,,Keep as previous,Core
RT_TAllocResp,arrays,tree,3,0,,Keep as previous,Core
RT_TDecDepthC,arrays,tree,3,0,,Keep as previous,Core
RT_TDiam,arrays,tree,3,0,,Keep as previous,Core
RT_TDistResp,arrays,tree,3,0,,Keep as previous,Core
RT_TDistShapeC,arrays,tree,3,0,,Keep as previous,Core
RT_THalfLife,arrays,tree,3,0,,Keep as previous,Core
RT_TLraX0,arrays,tree,3,0,,Keep as previous,Core
RT_TLrvL_par,arrays,zonelayertree,3,0,,Keep as previous,Core
RT_TProxGini,arrays,tree,3,0,,Keep as previous,Core
RT_TRhizExt,arrays,tree,3,0,,Keep as previous,Core
RT3_AlphaLrv,arrays,tree,3,0,,Keep as previous,Core
RT3_Beta0,arrays,tree,3,0,,Keep as previous,Core
RT3_CoarseRtDecayCoeff,arrays,tree,3,0,,Keep as previous,Core
RT3_CR_TargFac,arrays,tree,3,0,,Keep as previous,Core
RT3_LamGeotrop,arrays,tree,3,0,,Keep as previous,Core
RT3_LamHor0,arrays,tree,3,0,,Keep as previous,Core
T_ApplyFBA_is,arrays,tree,3,0,,Keep as previous,Core
T_ApplyPalm_is,arrays,tree,3,0,,Keep as previous,Core
T_CanBiomInit,arrays,tree,30,0,,Table/Input,Additional
T_CanHMax,arrays,tree,3,0,,Keep as previous,Core
T_CanShape,arrays,tree,3,0,,Keep as previous,Core
T_CanWidthMax,arrays,tree,3,0,,Keep as previous,Core
T_DCanWidthMax,vars,,3,0,,Keep as previous,Core
T_DiamBiom1,arrays,tree,3,0,,Keep as previous,Core
T_DiamBranch1,arrays,tree,3,0,,Keep as previous,Core
T_DiamCumLit1,arrays,tree,3,0,,Keep as previous,Core
T_DiamLfTwig1,arrays,tree,3,0,,Keep as previous,Core
T_DiamRtLeng1,arrays,tree,3,0,,Keep as previous,Core
T_DiamRtWght1,arrays,tree,3,0,,Keep as previous,Core
T_DiamSlopeBiom,arrays,tree,3,0,,Keep as previous,Core
T_DiamSlopeBranch,arrays,tree,3,0,,Keep as previous,Core
T_DiamSlopeCumLit,arrays,tree,3,0,,Keep as previous,Core
T_DiamSlopeLfTwig,arrays,tree,3,0,,Keep as previous,Core
T_DiamSlopeRtLeng,arrays,tree,3,0,,Keep as previous,Core
T_DiamSlopeRtWght,arrays,tree,3,0,,Keep as previous,Core
T_DOY_1_LfFlush,arrays,tree,31,0,,,Additional
T_DOY_2_LfFlush,arrays,tree,31,0,,,Additional
T_DOY_Compl_1_LfFall,arrays,tree,31,0,,,Additional
T_DOY_Compl_2_LfFall,arrays,tree,31,0,,,Additional
T_DOY_SeaLitFall_1_Start,arrays,tree,31,0,,,Additional
T_DOY_SeaLitFall_2_Start,arrays,tree,31,0,,,Additional
T_DOYFlwBeg,arrays,tree,3,0,,Keep as previous,Core
T_DOYFlwEnd,arrays,tree,3,0,,Keep as previous,Core
T_FracSeasLitFll_1,arrays,tree,31,0,,,Additional
T_FruitAllocDyn,graphs,,3,0,,Keep as previous,Core
T_FruitConc,arrays,treepcomp,3,0,,Keep as previous,Core
T_FruitLossHeight,arrays,tree,3,0,,Keep as previous,Core
T_GraphLeafFall,graphs,,31,0,,,Additional
T_GraphPhenol_is,arrays,tree,31,0,,,Additional
T_GroMax,arrays,tree,3,0,,Keep as previous,Core
T_GroResConc,arrays,treepcomp,3,0,,Keep as previous,Core
T_GroResFrac,arrays,tree,3,0,,Keep as previous,Core
T_GroResInit,arrays,tree,30,0,,Table/Input,Additional
T_HeartWoodAllocAftPruned_is,vars,,32,0,,,Additional
T_InitStage,arrays,tree,3,0,,Keep as previous,Core
T_klight,arrays,tree,3,0,,Keep as previous,Core
T_LAIMax,arrays,tree,3,0,,Keep as previous,Core
T_LAIMinMaxRatio,arrays,tree,3,0,,Keep as previous,Core
T_LeafFlush_is,graphs,,31,0,,,Additional
T_LeafHalfLife,arrays,tree,3,0,,Keep as previous,Core
T_LfConc,arrays,treepcomp,3,0,,Keep as previous,Core
T_LifallDelay,vars,,3,0,,Keep as previous,Core
T_LifallDroughtFrac,arrays,tree,3,0,,Keep as previous,Core
T_LifallRed,arrays,treepcomp,3,0,,Keep as previous,Core
T_LiFallThreshWStress,arrays,tree,3,0,,Keep as previous,Core
T_LignLifall,arrays,tree,3,0,,Keep as previous,Core
T_LignPrun,arrays,tree,3,0,,Keep as previous,Core
T_LignRt,arrays,tree,3,0,,Keep as previous,Core
T_LWR,arrays,tree,3,0,,Keep as previous,Core
T_MycMaxInf,arrays,tree,3,0,,Keep as previous,Core
T_NDemandFrac,arrays,tree,3,0,,Keep as previous,Core
T_NFixDayFrac,arrays,tree,3,0,,Keep as previous,Core
T_NFixDWMaxFrac,arrays,tree,3,0,,Keep as previous,Core
T_NFixDWUnitCost,arrays,tree,3,0,,Keep as previous,Core
T_NFixResp,arrays,tree,3,0,,Keep as previous,Core
T_NFixVariable_is,arrays,tree,3,0,,Keep as previous,Core
T_NPosgroMin,arrays,treenut,3,0,,Keep as previous,Core
T_NutMob,arrays,treenut,3,0,,Keep as previous,Core
T_PlantDoY,graphs,,2,0,,,Core
T_PlantY,graphs,,2,0,,,Core
T_PolypLifall,arrays,tree,3,0,,Keep as previous,Core
T_PolypPrun,arrays,tree,3,0,,Keep as previous,Core
T_PolypRt,arrays,tree,3,0,,Keep as previous,Core
T_PrunDoY,graphs,,3,0,,Keep as previous,Core
T_PrunPlant_is,vars,,3,0,,Keep as previous,Core
T_PrunType_is,vars,,3,0,,Keep as previous,Core
T_PrunY,graphs,,3,0,,Keep as previous,Core
T_RainWStorCap,arrays,tree,3,0,,Keep as previous,Core
T_RelFruitAllocMax,arrays,tree,3,0,,Keep as previous,Core
T_RelLightMaxGr,arrays,tree,3,0,,Keep as previous,Core
T_RelRtIncrTyp2,arrays,zonelayertree,3,0,,Keep as previous,Core
T_Root,arrays,zonelayertreepcomp,3,0,,Keep as previous,Core
T_RootConductivity,arrays,tree,3,0,,Keep as previous,Core
T_RootIncFix,arrays,treepcomp,3,0,,Keep as previous,Core
T_RtAllocInit,arrays,tree,3,0,,Keep as previous,Core
T_RtConc,arrays,treepcomp,3,0,,Keep as previous,Core
T_Rubber_is,arrays,tree,3,0,,Keep as previous,Core
T_SapWoodScalingRule,vars,,32,0,,,Additional
T_SLA,arrays,tree,3,0,,Keep as previous,Core
T_SRLfineroots,arrays,tree,3,0,,Keep as previous,Core
T_Stage,arrays,tree,3,0,,Keep as previous,Core
T_StageAftPrun,arrays,tree,3,0,,Keep as previous,Core
T_StressAccLim,vars,,3,0,,Keep as previous,Core
T_StressRatio,vars,,3,0,,Keep as previous,Core
T_TimeGenCycle,arrays,tree,3,0,,Keep as previous,Core
T_TimeVeg,arrays,tree,3,0,,Keep as previous,Core
T_TranspRatio,arrays,tree,3,0,,Keep as previous,Core
T_TranspRatioConstant_is,vars,,33,0,,Slider (0-1),Additional
T_TranspRatioTime,graphs,,33,0,,Table and Graph,Additional
T_TwigConc,arrays,treepcomp,3,0,,Keep as previous,Core
T_UnitConv,arrays,pcomp,3,0,,Keep as previous,Core
T_WatStressMem,vars,,3,0,,Keep as previous,Core
T_WoodBiomInit,arrays,tree,30,0,,Table/Input,Additional
T_WoodConc,arrays,treepcomp,3,0,,Keep as previous,Core
T_WoodDens,arrays,tree,3,0,,Keep as previous,Core
T_WoodHInit,arrays,tree,30,0,,Table/Input,Additional
TF_AbRelSizePow,arrays,tree,4,0,,,Core
TF_CritFruitWaterPot,arrays,tree,4,0,,,Core
TF_DWCostUOil,arrays,tree,4,0,,,Core
TF_FemSinkperFruit,arrays,treefruit,4,0,,,Core
TF_FirstBudtoFlowerInit,arrays,tree,4,0,,,Core
TF_ForgetStress,arrays,tree,4,0,,,Core
TF_FrondHistFrac,arrays,tree,4,0,,,Core
TF_FrondLDpetInterc,arrays,tree,4,0,,,Core
TF_FrondLDpetPower,arrays,tree,4,0,,,Core
TF_FrondLengthStressFac,arrays,tree,4,0,,,Core
TF_FrondWDpetInterc,arrays,tree,4,0,,,Core
TF_FrondWDpetPower,arrays,tree,4,0,,,Core
TF_FruitLossHeight,arrays,tree,4,0,,,Core
TF_FruitMoistContent,vars,,4,0,,,Core
TF_FruitWaterPot,arrays,tree,4,0,,,Core
TF_InitFruitspBunch,graphs,,999,0,,,Additional
TF_LeafCumInit,arrays,tree,4,0,,,Core
TF_LiFall_ResWithdrawl,vars,,4,0,,,Core
TF_LitFallRedFac,arrays,pcomp,999,0,,,Core
TF_MaleSinkperBunch,arrays,treefruit,4,0,,,Core
TF_MaleThresh,arrays,tree,4,0,,,Core
TF_MThreshtoWatStress,arrays,tree,4,0,,,Core
TF_PalmTrunkIntercept,arrays,tree,4,0,,,Core
TF_PalmTrunkInternode,arrays,tree,4,0,,,Core
TF_PhyllochronStressFac,arrays,tree,4,0,,,Core
TF_PollinationEffectiveness,graphs,,999,0,,,Additional
TF_PollinationStage,arrays,fruit,4,0,,,Core
TF_PotentialFrondLength,graphs,,999,0,,,Additional
TF_PotentialStemD,graphs,,999,0,,,Additional
TF_PotLeaffall,graphs,,999,0,,,Additional
TF_PotPhyllochronTime,graphs,,999,0,,,Additional
TF_RadiometricFraction,arrays,tree,4,0,,,Core
TF_StageAbortSens,arrays,treefruit,4,0,,,Core
TF_StemDHistFrac,arrays,tree,4,0,,,Core
TF_StemDStressFactor,arrays,tree,4,0,,,Core
TF_StreesUpdateFraction,vars,,4,0,,,Core
TF_TargetOilperBunch,arrays,treefruit,4,0,,,Core
TF_TrunkHIncStressFac,arrays,tree,4,0,,,Core
TF_WatStressAbortFrac,arrays,tree,4,0,,,Core
TW_DryFactPowerInit,arrays,tree,3,0,,Keep as previous,Core
TW_PosgroMin,arrays,tree,3,0,,Keep as previous,Core
TW_PotSuctAlphMax,arrays,tree,3,0,,Keep as previous,Core
TW_PotSuctAlphMin,arrays,tree,3,0,,Keep as previous,Core
T_Species,arrays,tree,2,0,,Keep as previous,Core
C_GroResMobFrac,vars,,999,0,,,Hidden
C_LAIMax,arrays,crop,999,0,,,Hidden
C_SeedConc,arrays,pcomp,999,0,,,Hidden
C_StressAccLim,vars,,999,0,,,Hidden
C_TMax,vars,,999,0,,,Hidden
C_UnitConv,arrays,pcomp,999,0,,,Hidden
CW_Alpha,vars,,81,0,,,Additional
CW_DryFactRangeChange,vars,,999,0,,,Hidden
CW_DryFactRangeInit,arrays,buf,999,0,,,Hidden
CW_DryFactRangePowerStart,vars,,999,0,,,Hidden
CW_DryPowerMax,vars,,999,0,,,Hidden
CW_DryPowerMin,vars,,999,0,,,Hidden
CW_EnergyDrivenEpot_is,vars,,81,0,,,Additional
EVAP_InitSlashM,vars,,999,0,,,Hidden
EVAP_InitWoodM,vars,,999,0,,,Hidden
EVAP_MulchEffSurfLit,vars,,999,0,,,Hidden
EVAP_Pot_Thornthwaite_is,vars,,999,0,,,Hidden
EVAP_SlashDryFact,vars,,999,0,,,Hidden
EVAP_TranspRedFractrionBy_Can_Intercepted_Water,vars,,999,0,,,Hidden
EVAP_WoodDryFact,vars,,999,0,,,Hidden
Ligh1tPerAngleUniform,vars,,999,0,,,Hidden
LIGHT_kTB,arrays,tree,999,0,,,Hidden
LIGHT_TBAI,vars,,999,0,,,Hidden
LIGHT_TBAI1,vars,,999,0,,,Hidden
Light2PerAngleSkewed,vars,,999,0,,,Hidden
Light3PerAngleVertical,arrays,angle,999,0,,,Hidden
LightAngles,arrays,angle,999,0,,,Hidden
LightSwitch,vars,,999,0,,,Hidden
MN_FertDissFrac,arrays,nut,83,0,,,Additional
MN_LatFlowFertKm,vars,,83,0,,,Additional
N_AtmosphDepos,arrays,nut,82,0,,,Additional
N_BypassMacro,arrays,zonelayer,82,0,,,Additional
N_BypassMatrix,arrays,zonelayer,82,0,,,Additional
N_CNutMob,arrays,cropnut,999,0,,,Hidden
N_CRhizKaPMod,arrays,crop,999,0,,,Hidden
N_DiffCoef,arrays,nut,82,0,,,Additional
N_FracNO3,arrays,zonelayer,82,0,,,Additional
N_ImInit,arrays,zonelayernut,82,0,,,Additional
N_Init,arrays,zonelayer,26,0,,same as UI Hasna,Core
N_KaNH4,arrays,layer,82,0,,,Additional
N_KaNO3,arrays,layer,82,0,,,Additional
N_KaPDef,graphs,,999,0,,,Hidden
N_LittNmin1exchfact,vars,,999,0,,,Hidden
N_LossiCum,arrays,zonelayernut,999,0,,,Hidden
N_N_is,arrays,nut,82,0,,,Additional
N_Nutmob,arrays,layernut,82,0,,,Additional
N_PStParam,arrays,zonelayer,999,0,,,Hidden
N_Use_NgassLossEst_is,vars,,82,0,,,Additional
P_CropProfThreshold,vars,,999,0,,,Hidden
P_UseCropStopRule_is,vars,,999,0,,,Hidden
PStMax,arrays,layer,81,0,,,Additional
PStMin,arrays,layer,81,0,,,Additional
RAIN_AnMemory,vars,,999,0,,,Hidden
RAIN_Cycle_is,vars,,999,0,,,Hidden
RAIN_Gamma,vars,,999,0,,,Hidden
RAIN_I_Initial_Value,vars,,999,0,,,Hidden
RAIN_IntensCoefVar,vars,,999,0,,,Hidden
RAIN_IntensMean,vars,,999,0,,,Hidden
RAIN_IntercDripRt,vars,,999,0,,,Hidden
RAIN_IntMult,vars,,999,0,,,Hidden
RAIN_Max_IntDripDur,vars,,999,0,,,Hidden
RAIN_PondFlwRt,vars,,999,0,,,Hidden
RAIN_PondStoreCp,vars,,999,0,,,Hidden
RAIN_Weight,arrays,zone,999,0,,,Hidden
RAIN_YearStart,vars,,999,0,,,Hidden
RY,graphs,,81,0,,,Additional
T_GrowResMobFrac,arrays,tree,999,0,,,Hidden
T_GrowResStorFrac,arrays,tree,999,0,,,Hidden
TW_Alpha,vars,,999,0,,,Hidden
TW_DemActSubtract,arrays,buf,999,0,,,Hidden
TW_DryFactPowerRangeChange,vars,,999,0,,,Hidden
TW_EnergyDrivenEpot_is,vars,,999,0,,,Hidden
TW_OffSetRel,arrays,buf,999,0,,,Hidden
TW_PhiPotTL,graphs,,999,0,,,Hidden
TW_RangeToppingUp,arrays,buf,999,0,,,Hidden
TW_ResistFact,arrays,tree,81,0,,,Additional
TW_Water_Limited_is,arrays,zone,81,0,,,Additional
W_Alpha,arrays,layer,999,0,,,Hidden
W_BDLayer,arrays,layer,999,0,,,Core
W_FieldCapKcrit,arrays,layer,999,0,,,Hidden
W_HydEqFraction,vars,,999,0,,,Hidden
W_Irrigation_Data,graphs,,23,0,,,Core
W_n,arrays,layer,999,0,,,Hidden
W_PhiPMS,graphs,,27,0,,Graph only,Core
W_PhiPMW,graphs,,27,0,,Graph only,Core
W_PhiPRhizRange,graphs,,999,0,,,Hidden
W_PhiPS,graphs,,27,0,,Graph only,Core
W_PhiPW,graphs,,27,0,,Graph only,Core
W_PhiTheta,graphs,,27,0,,Graph only,Core
W_PMax,vars,,81,0,,,Core
W_PTheta,graphs,,27,0,,Graph only,Core
W_SeepScalar,vars,,81,0,,,Additional
W_ThetaInacc,arrays,layer,999,0,,,Hidden
W_ThetaInit,arrays,zonelayer,81,0,,,Core
W_ThetaP,graphs,,27,0,,Graph only,Core
W_ThetaPMax,graphs,,27,0,,Graph only,Core
W_ThetaSat,arrays,layer,999,0,,,Hidden
W_WaterLimited_is,arrays,zone,81,0,,,Additional
P_CostExtOrg,arrays,inpprice,38,0,,,Additional
