var,cat,group,arr,auto
AF_AccLatInflowratio,AF,Agroforestry System (Plot Geometry & Layout),zone_df,
AF_Circ_is,AF,Agroforestry System (Plot Geometry & Layout),,
AF_Depth,AF,Agroforestry System (Plot Geometry & Layout),zonelayer_df,
AF_DepthAct,AF,Agroforestry System (Plot Geometry & Layout),zone_df,
AF_DepthAvg,AF,Agroforestry System (Plot Geometry & Layout),layer_df,
AF_DepthLay,AF,Agroforestry System (Plot Geometry & Layout),layer_df,
AF_Depths,AF,Agroforestry System (Plot Geometry & Layout),layer_df,
AF_DepthSlope,AF,Agroforestry System (Plot Geometry & Layout),zone_df,
AF_HGW,AF,Agroforestry System (Plot Geometry & Layout),zonelayer_df,
AF_LatInFlowRatio,AF,Agroforestry System (Plot Geometry & Layout),zone_df,
AF_RelZoneTreeLeft,AF,Agroforestry System (Plot Geometry & Layout),zonetree_df,
AF_RelZoneTreeNextLeft,AF,Agroforestry System (Plot Geometry & Layout),zonetree_df,
AF_RelZoneTreeNextRight,AF,Agroforestry System (Plot Geometry & Layout),zonetree_df,
AF_RelZoneTreeRight,AF,Agroforestry System (Plot Geometry & Layout),zonetree_df,
AF_SlopeCurr,AF,Agroforestry System (Plot Geometry & Layout),zone_df,
AF_TreePosit,AF,Agroforestry System (Plot Geometry & Layout),tree_df,
AF_TreePositQ,AF,Agroforestry System (Plot Geometry & Layout),layertree_df,
AF_Zone,AF,Agroforestry System (Plot Geometry & Layout),zone_df,
AF_ZoneFrac,AF,Agroforestry System (Plot Geometry & Layout),zone_df,
AF_ZoneFracC,AF,Agroforestry System (Plot Geometry & Layout),zone_df,
AF_ZoneFracF,AF,Agroforestry System (Plot Geometry & Layout),zone_df,
AF_ZoneTot,AF,Agroforestry System (Plot Geometry & Layout),,
AF_ZoneTreeLeftRight,AF,Agroforestry System (Plot Geometry & Layout),zonetree_df,
AF_ZoneWidth,AF,Agroforestry System (Plot Geometry & Layout),zone_df,
BC_C,BC,Carbon Balance,,
BC_CdailyRespforFix,BC,Carbon Balance,,
BC_ChangStock,BC,Carbon Balance,,
BC_CO2fromBurn,BC,Carbon Balance,,
BC_CPhotoInc,BC,Carbon Balance,,
BC_CPhotosynth,BC,Carbon Balance,,
BC_Crop,BC,Carbon Balance,,
BC_CropInit,BC,Carbon Balance,,
BC_CstockChange,BC,Carbon Balance,,
BC_CstocksInit,BC,Carbon Balance,,
BC_CurrentCStock,BC,Carbon Balance,,
BC_DiffFlows,BC,Carbon Balance,,
BC_DWDeadWood,BC,Carbon Balance,pcomp_df,
BC_DWFineNecroM,BC,Carbon Balance,pcomp_df,
BC_ExtOrgAcc,BC,Carbon Balance,,
BC_ExtOrgInput,BC,Carbon Balance,,
BC_GWeffect_CO2_eq_g_per_m2,BC,Carbon Balance,,
BC_HarvestedC,BC,Carbon Balance,,
BC_HarvestedT,BC,Carbon Balance,,
BC_Inflows,BC,Carbon Balance,,
BC_NecromasC,BC,Carbon Balance,,
BC_NetBal,BC,Carbon Balance,,
BC_OrgC,BC,Carbon Balance,,
BC_Outflows,BC,Carbon Balance,,
BC_SeedInc,BC,Carbon Balance,,
BC_SOM,BC,Carbon Balance,,Yes
BC_SOMInit,BC,Carbon Balance,,
BC_TimeAvg_CStock,BC,Carbon Balance,,
BC_TotalHarvested,BC,Carbon Balance,,
BC_TotalRespired,BC,Carbon Balance,,
BC_TPhotoInc,BC,Carbon Balance,,
BC_TPhotosynth,BC,Carbon Balance,,
BC_TPlantMatTot,BC,Carbon Balance,,
BC_Tree,BC,Carbon Balance,,
BC_TreeInit,BC,Carbon Balance,,
BC_TreeInitTot,BC,Carbon Balance,,
BC_TRespforFix,BC,Carbon Balance,,
BC_TSeedInc,BC,Carbon Balance,,
BC_Weed,BC,Carbon Balance,,
BC_WeedCInflux,BC,Carbon Balance,,
BC_WeedSeedIn,BC,Carbon Balance,,
BC_WeedSeeds,BC,Carbon Balance,,
BN_CBiomInc,BN,Nitrogen Balance,nut_df,
BN_CBiomInit,BN,Nitrogen Balance,nut_df,
BN_ChangeStocks,BN,Nitrogen Balance,nut_df,
BN_CHarvCum,BN,Nitrogen Balance,nut_df,
BN_CNdfaFrac,BN,Nitrogen Balance,,
BN_CNFixCum,BN,Nitrogen Balance,nut_df,
BN_CResidRemoved,BN,Nitrogen Balance,nut_df,
BN_CropWeed,BN,Nitrogen Balance,nut_df,
BN_CropBiom,BN,Nitrogen Balance,nut_df,Yes
BN_CropInit,BN,Nitrogen Balance,nut_df,
BN_CUptCum,BN,Nitrogen Balance,nut_df,
BN_CUptInc,BN,Nitrogen Balance,nut_df,
BN_CUptTot,BN,Nitrogen Balance,nut_df,Yes
BN_EffluxTot,BN,Nitrogen Balance,nut_df,
BN_ExtOrgAcc,BN,Nitrogen Balance,nut_df,
BN_ExtOrgInputs,BN,Nitrogen Balance,nut_df,
BN_Fert,BN,Nitrogen Balance,nut_df,
BN_FertCum,BN,Nitrogen Balance,nut_df,
BN_ImmInit,BN,Nitrogen Balance,nut_df,
BN_ImmInput,BN,Nitrogen Balance,nut_df,
BN_ImmInputF,BN,Nitrogen Balance,nut_df,
BN_Immob,BN,Nitrogen Balance,nut_df,
BN_ImmPool,BN,Nitrogen Balance,nut_df,
BN_InfluxTot,BN,Nitrogen Balance,nut_df,
BN_LatInCum,BN,Nitrogen Balance,nut_df,
BN_LatOut,BN,Nitrogen Balance,nut_df,
BN_LatOutCum,BN,Nitrogen Balance,nut_df,
BN_Leaching,BN,Nitrogen Balance,nut_df,
BN_LeachingTot,BN,Nitrogen Balance,nut_df,
BN_Lit,BN,Nitrogen Balance,nut_df,
BN_LitInit,BN,Nitrogen Balance,nut_df,
BN_NetBal,BN,Nitrogen Balance,nut_df,
BN_NutVolatCum,BN,Nitrogen Balance,nut_df,
BN_OrgNP,BN,Nitrogen Balance,nut_df,
BN_RootBiomasNP,BN,Nitrogen Balance,nut_df,
BN_RunOff,BN,Nitrogen Balance,nut_df,
BN_RunOffLoss,BN,Nitrogen Balance,nut_df,
BN_ScorchWRem,BN,Nitrogen Balance,pcomp_df,
BN_Som,BN,Nitrogen Balance,nut_df,Yes
BN_SOMInit,BN,Nitrogen Balance,nut_df,
BN_SOMLit,BN,Nitrogen Balance,nut_df,
BN_StockInit,BN,Nitrogen Balance,nut_df,
BN_StocksTotInit,BN,Nitrogen Balance,nut_df,
BN_StockTot,BN,Nitrogen Balance,nut_df,
BN_StockZone,BN,Nitrogen Balance,zonenut_df,
BN_SumofFluxes,BN,Nitrogen Balance,nut_df,
BN_SurfRO,BN,Nitrogen Balance,nut_df,
BN_THarvCumAll,BN,Nitrogen Balance,pcomp_df,
BN_TNdfaFrac,BN,Nitrogen Balance,tree_df,
BN_TNFixAmountCum,BN,Nitrogen Balance,treenut_df,
BN_TreeInc,BN,Nitrogen Balance,nut_df,
BN_TreeInit,BN,Nitrogen Balance,nut_df,
BN_TUptCum,BN,Nitrogen Balance,treenut_df,
BN_TUptInc,BN,Nitrogen Balance,treenut_df,
BN_WeedBiom,BN,Nitrogen Balance,nut_df,
BN_WeedSeedBank,BN,Nitrogen Balance,nut_df,
BN_WeedSeedInit,BN,Nitrogen Balance,nut_df,
BS_Check,BS,Soil Balance,,
BS_ErosionFilterEffect,BS,Soil Balance,,
BS_GrossErosionCum,BS,Soil Balance,,
BS_Neg,BS,Soil Balance,,
BS_NetErosionCum,BS,Soil Balance,,
BS_Pos,BS,Soil Balance,,
BS_SoilCurr,BS,Soil Balance,,
BS_SoilCurrZn,BS,Soil Balance,zone_df,
BS_SoilDelta,BS,Soil Balance,,
BS_SoilIncr,BS,Soil Balance,zone_df,
BS_SoilInflowCum,BS,Soil Balance,,
BS_SoilInit,BS,Soil Balance,,
BS_SoilInitZn,BS,Soil Balance,zone_df,
BW_CumEvapoTrans,BW,Water Balance,,
BW_DrainCumV,BW,Water Balance,,
BW_EffluxTot,BW,Water Balance,,
BW_Evap,BW,Water Balance,,
BW_EvapCum,BW,Water Balance,,
BW_FluxDiff,BW,Water Balance,,
BW_InfluxTot,BW,Water Balance,,
BW_LatInCum,BW,Water Balance,,
BW_LatOut,BW,Water Balance,,
BW_LatOutCum,BW,Water Balance,,Yes
BW_NetBal,BW,Water Balance,,Yes
BW_RunOff,BW,Water Balance,,
BW_RunOffCum,BW,Water Balance,,
BW_RunOn,BW,Water Balance,,
BW_RunOnCum,BW,Water Balance,,
BW_StockChange,BW,Water Balance,,
BW_StockInit,BW,Water Balance,,
BW_StockTot,BW,Water Balance,,
BW_UptC,BW,Water Balance,,
BW_UptCCum,BW,Water Balance,,Yes
BW_UptT,BW,Water Balance,tree_df,
BW_UptTCum,BW,Water Balance,tree_df,Yes
BW_UptWCum,BW,Water Balance,,
BW_VDrain,BW,Water Balance,,
BW_WeedEvap,BW,Water Balance,,
C_AgronYields,C,Crop Growth,crop_df,
C_AgronYieldsCum,C,Crop Growth,crop_df,
C_AgronYPerType,C,Crop Growth,zonecrop_df,
C_AgYieldAcc,C,Crop Growth,zonecrop_df,
C_Biom,C,Crop Growth,zonepcomp_df,Yes
C_BiomCan,C,Crop Growth,zonepcomp_df,Yes
C_BiomCan_is,C,Crop Growth,zone_df,
C_BiomCanAvg,C,Crop Growth,pcomp_df,
C_BiomforResp,C,Crop Growth,zone_df,
C_BiomHarv_is,C,Crop Growth,,
C_BiomHarvest,C,Crop Growth,zonepcomp_df,
C_BiomHarvestCum,C,Crop Growth,zonepcomp_df,
C_BiomHarvestDay,C,Crop Growth,,
C_BiomHarvestDoY,C,Crop Growth,,
C_BiomHarvestEvent,C,Crop Growth,,
C_BiomHarvestFracD,C,Crop Growth,,
C_BiomHarvestPast,C,Crop Growth,,
C_BiomHarvestY,C,Crop Growth,,
C_BiomInc,C,Crop Growth,zonepcomp_df,
C_BiomStLv,C,Crop Growth,zonepcomp_df,
C_CanUp,C,Crop Growth,zone_df,
C_CropDayAc,C,Crop Growth,zone_df,
C_CropDays,C,Crop Growth,zone_df,
C_CumLim,C,Crop Growth,zonelimit_df,
C_CurLimFac,C,Crop Growth,zonelimit_df,
C_FracLim,C,Crop Growth,limit_df,
C_FruitLoss,C,Crop Growth,zonepcomp_df,
C_GroRes,C,Crop Growth,zonepcomp_df,
C_GrowsToday_is,C,Crop Growth,,
C_HarvestCum,C,Crop Growth,zonepcomp_df,
C_HarvIndAct,C,Crop Growth,zone_df,
C_Height,C,Crop Growth,zone_df,
C_HeightDec,C,Crop Growth,zone_df,
C_HeightInc,C,Crop Growth,zone_df,
C_HydEqFluxes,C,Crop Growth,zone_df,
C_Init,C,Crop Growth,zonepcomp_df,
C_LAI,C,Crop Growth,zone_df,
C_LAIMax,C,Crop Growth,zone_df,
C_MaintResp,C,Crop Growth,zone_df,
C_NBiom,C,Crop Growth,zonenut_df,
C_NDeficit,C,Crop Growth,zonenut_df,
C_NDemand,C,Crop Growth,zonenut_df,Yes zone
C_NDfaTot,C,Crop Growth,zonenut_df,
C_NewCropPlanted,C,Crop Growth,,
C_NFIX,C,Crop Growth,zonenut_df,
C_NHarvestCum,C,Crop Growth,zonenut_df,
C_NInit,C,Crop Growth,zonenut_df,
C_NNecroLitF,C,Crop Growth,zonenut_df,
C_NPosgro,C,Crop Growth,zonenut_df,Yes zone
C_NResidMulch,C,Crop Growth,zonenut_df,
C_NResidRemoved,C,Crop Growth,zonenut_df,
C_NRoot,C,Crop Growth,zonenut_df,
C_NTarget,C,Crop Growth,zonenut_df,
C_NTargetNBiomRatio,C,Crop Growth,zonenut_df,
C_NUptDeno,C,Crop Growth,zonenut_df,
C_NUptPot,C,Crop Growth,zonenut_df,Yes zone
C_NUptRel,C,Crop Growth,zonelayernut_df,
C_NUptRelDeno,C,Crop Growth,zonenut_df,
C_NUptTot,C,Crop Growth,zonenut_df,Yes zone
C_NWeedSeed,C,Crop Growth,zonenut_df,
C_NYield,C,Crop Growth,zonenut_df,
C_PlantDiesToday_is,C,Crop Growth,zone_df,
C_PotGroRed,C,Crop Growth,zone_df,
C_Resid,C,Crop Growth,zonepcomp_df,
C_ResidLast,C,Crop Growth,zonepcomp_df,
C_ResidMulch,C,Crop Growth,zonepcomp_df,
C_ResidRecycle,C,Crop Growth,zonepcomp_df,
C_ResidRemoved,C,Crop Growth,zonepcomp_df,
C_Respiration,C,Crop Growth,zonepcomp_df,
C_RespTemp,C,Crop Growth,zone_df,
C_Root,C,Crop Growth,zonelayer_df,
C_Root,C,Crop Growth,zonelayer_df,
C_Root,C,Crop Growth,zonelayer_df,
C_RootGrowth,C,Crop Growth,zonepcomp_df,
C_RootPlComp,C,Crop Growth,zonepcomp_df,
C_RtAllocAct,C,Crop Growth,zonelayer_df,
C_RtDecay,C,Crop Growth,zonelayer_df,
C_RtDecay,C,Crop Growth,zonelayer_df,
C_RtDecay,C,Crop Growth,zonelayer_df,
C_RtIncr,C,Crop Growth,zonelayer_df,
C_RtIncr,C,Crop Growth,zonelayer_df,
C_RtIncr,C,Crop Growth,zonelayer_df,
C_StLeafInc,C,Crop Growth,zonepcomp_df,
C_StLeaveMulch,C,Crop Growth,zonepcomp_df,
C_StRt,C,Crop Growth,zone_df,
C_TempDevStage,C,Crop Growth,,
C_WeedGermin,C,Crop Growth,zonepcomp_df,
C_WeedSeedBank,C,Crop Growth,zonepcomp_df,
C_WeedSeedDecay,C,Crop Growth,zonepcomp_df,
C_WeedSeedFall,C,Crop Growth,zonepcomp_df,
C_WeedSeedInflux,C,Crop Growth,zonepcomp_df,
C_Yield,C,Crop Growth,zonepcomp_df,
C_YieldCurr,C,Crop Growth,zonepcomp_df,
C_YieldInc,C,Crop Growth,zonepcomp_df,
CA_ComplCrop,CA,Crop Management (Agronomy/Calendar),zone_df,
CA_CropSequen,CA,Crop Management (Agronomy/Calendar),zone_df,
CA_ExtOrg,CA,Crop Management (Agronomy/Calendar),inp_df,
CA_ExtOrgApply_is,CA,Crop Management (Agronomy/Calendar),inp_df,
CA_ExtOrgAppZn,CA,Crop Management (Agronomy/Calendar),zoneinp_df,
CA_FertAmount,CA,Crop Management (Agronomy/Calendar),zone_df,
CA_FertApp,CA,Crop Management (Agronomy/Calendar),,
CA_FertAppDoY,CA,Crop Management (Agronomy/Calendar),,
CA_FertApply_is,CA,Crop Management (Agronomy/Calendar),nut_df,
CA_FertAppTime,CA,Crop Management (Agronomy/Calendar),,
CA_FertAppYear,CA,Crop Management (Agronomy/Calendar),,
CA_FertN,CA,Crop Management (Agronomy/Calendar),nut_df,
CA_FertNZn,CA,Crop Management (Agronomy/Calendar),zonenut_df,
CA_ImmAmount,CA,Crop Management (Agronomy/Calendar),zonenut_df,
CA_ImmApp,CA,Crop Management (Agronomy/Calendar),nut_df,
CA_ImmDOY,CA,Crop Management (Agronomy/Calendar),nut_df,
CA_ImmInput,CA,Crop Management (Agronomy/Calendar),zonenut_df,
CA_ImmTime,CA,Crop Management (Agronomy/Calendar),nut_df,
CA_ImmY,CA,Crop Management (Agronomy/Calendar),nut_df,
CA_PastFertApp,CA,Crop Management (Agronomy/Calendar),,
CA_PastImmInp,CA,Crop Management (Agronomy/Calendar),nut_df,
CA_PlantDoY,CA,Crop Management (Agronomy/Calendar),zone_df,
CA_PlantTime,CA,Crop Management (Agronomy/Calendar),zone_df,
CA_PlantYear,CA,Crop Management (Agronomy/Calendar),zone_df,
CENT_Bal_NP_Total,CENT,Century SOM Model - Carbon,nut_df,
CENT_BalLitter,CENT,Century SOM Model - Carbon,nut_df,
CENT_BalNeg,CENT,Century SOM Model - Carbon,nut_df,
CENT2_BalNeg,CENT2,Century SOM Model - Carbon (Alt. Method),nut_df,
CENT_BalPos,CENT,Century SOM Model - Carbon,nut_df,
CENT2_BalPos,CENT2,Century SOM Model - Carbon (Alt. Method),nut_df,
CENT_CO2Tot,CENT,Century SOM Model - Carbon,,
CENT_ExtInpNInc,CENT,Century SOM Model - Carbon,nut_df,
CENT_ExtOrgInputs,CENT,Century SOM Model - Carbon,nut_df,
CENT_InputCO2Tot,CENT,Century SOM Model - Carbon,,
CENT2_LitMetStrInit,CENT2,Century SOM Model - Carbon (Alt. Method),nut_df,
CENT2_LitSomTransfAcc,CENT2,Century SOM Model - Carbon (Alt. Method),nut_df,
CENT_LitterNInc,CENT,Century SOM Model - Carbon,nut_df,
CENT_LitterNInflow,CENT,Century SOM Model - Carbon,nut_df,
CENT2_LittPoolsInit,CENT2,Century SOM Model - Carbon (Alt. Method),nut_df,
CENT_MetStrCTot,CENT,Century SOM Model - Carbon,,
CENT_NInc,CENT,Century SOM Model - Carbon,nut_df,
CENT2_NInc,CENT2,Century SOM Model - Carbon (Alt. Method),nut_df,
CENT_NOut,CENT,Century SOM Model - Carbon,nut_df,
CENT2_NOut,CENT2,Century SOM Model - Carbon (Alt. Method),nut_df,
CENT_SOMCO2Tot,CENT,Century SOM Model - Carbon,,
CENT_SOMCTot,CENT,Century SOM Model - Carbon,,
CENT2_SOMMetStrInit,CENT2,Century SOM Model - Carbon (Alt. Method),nut_df,
CENT2_SOMNInc,CENT2,Century SOM Model - Carbon (Alt. Method),nut_df,
CENT2_SOMNinflow,CENT2,Century SOM Model - Carbon (Alt. Method),nut_df,
CENT2_SOMPoolsInit,CENT2,Century SOM Model - Carbon (Alt. Method),nut_df,
CENT_StockInit,CENT,Century SOM Model - Carbon,nut_df,
Cent2LitSomAcc,CENT2,Century SOM Model - Carbon (Alt. Method),nut_df,
CQ_AgronYieldMoistFrac,CQ,Crop Growth Parameters,zone_df,
CQ_C,CQ,Crop Growth Parameters,zone_df,
CQ_CHarvAlloc,CQ,Crop Growth Parameters,zonecrop_df,
CQ_CHarvAllocCurr,CQ,Crop Growth Parameters,zone_df,
CQ_ClosedCanCurr,CQ,Crop Growth Parameters,zone_df,
CQ_CLWR,CQ,Crop Growth Parameters,zonecrop_df,
CQ_CLWRCurr,CQ,Crop Growth Parameters,zone_df,
CQ_ConductivityCurr,CQ,Crop Growth Parameters,zone_df,
CQ_CovEffCurr,CQ,Crop Growth Parameters,zone_df,
CQ_CRelLUE,CQ,Crop Growth Parameters,zonecrop_df,
CQ_CRelLUECurr,CQ,Crop Growth Parameters,zone_df,
CQ_CropType,CQ,Crop Growth Parameters,zone_df,
CQ_CropWeedSwitch,CQ,Crop Growth Parameters,zone_df,
CQ_CRtAlloc,CQ,Crop Growth Parameters,zonecrop_df,
CQ_CRtAllocCurr,CQ,Crop Growth Parameters,zone_df,
CQ_CSLA,CQ,Crop Growth Parameters,zonecrop_df,
CQ_CSLACurr,CQ,Crop Growth Parameters,zone_df,
CQ_CTimeGenCurr,CQ,Crop Growth Parameters,zone_df,
CQ_CTimeVegCurr,CQ,Crop Growth Parameters,zone_df,
CQ_CType,CQ,Crop Growth Parameters,zone_df,
CQ_CWswitch,CQ,Crop Growth Parameters,zone_df,
CQ_DOYFlwDOYBegin,CQ,Crop Growth Parameters,zone_df,
CQ_DOYFlwEnd,CQ,Crop Growth Parameters,zone_df,
CQ_GroMaxCurr,CQ,Crop Growth Parameters,zone_df,
CQ_GSeedCurr,CQ,Crop Growth Parameters,zone_df,
CQ_HBiomConvCurr,CQ,Crop Growth Parameters,zone_df,
CQ_kLightCurr,CQ,Crop Growth Parameters,zone_df,
CQ_LignResidCurr,CQ,Crop Growth Parameters,zone_df,
CQ_LignRootResCurr,CQ,Crop Growth Parameters,zone_df,
CQ_MaxMycInf,CQ,Crop Growth Parameters,zone_df,
CQ_NConcOldCurr,CQ,Crop Growth Parameters,zonenut_df,
CQ_NConcYoungCurr,CQ,Crop Growth Parameters,zonenut_df,
CQ_NFixDailyFracCurr,CQ,Crop Growth Parameters,zone_df,
CQ_NFixDWMaxFracCurr,CQ,Crop Growth Parameters,zone_df,
CQ_NFixDWUnitCostCurr,CQ,Crop Growth Parameters,zone_df,
CQ_NFixRespCurr,CQ,Crop Growth Parameters,zone_df,
CQ_NFixVariable_isCurr,CQ,Crop Growth Parameters,zone_df,
CQ_NRtConcCurr,CQ,Crop Growth Parameters,zone_df,
CQ_PolyResid,CQ,Crop Growth Parameters,zone_df,
CQ_PolyRt,CQ,Crop Growth Parameters,zone_df,
CQ_PotSuctAlphMaxCurr,CQ,Crop Growth Parameters,zone_df,
CQ_PotSuctAlphMinCurr,CQ,Crop Growth Parameters,zone_df,
CQ_RainWStorCapCurr,CQ,Crop Growth Parameters,zone_df,
CQ_RelLightMaxCurr,CQ,Crop Growth Parameters,zone_df,
CQ_RemobFrac,CQ,Crop Growth Parameters,zone_df,
CQ_RtDiam,CQ,Crop Growth Parameters,zone_df,
CQ_SingleCycle_isCur,CQ,Crop Growth Parameters,zone_df,
CQ_Stage,CQ,Crop Growth Parameters,zone_df,
CQ_StageAfterHarvest,CQ,Crop Growth Parameters,zone_df,
CQ_StageInc,CQ,Crop Growth Parameters,zone_df,
CQ_TranspRatioCurr,CQ,Crop Growth Parameters,zone_df,
CQ_WeedRestart_is,CQ,Crop Growth Parameters,zone_df,
CQ_WeedZn_is,CQ,Crop Growth Parameters,zone_df,
CW_Best,CW,Crop Water,zonebuf_df,
CW_CheckShouldBe,CW,Crop Water,zone_df,
CW_Conduct,CW,Crop Water,zonelayer_df,
CW_ConductSum,CW,Crop Water,zone_df,
CW_DemandAct,CW,Crop Water,zone_df,
CW_DemandActRange,CW,Crop Water,zonebuf_df,
CW_DemandPerRoot,CW,Crop Water,zone_df,
CW_DemandPot,CW,Crop Water,zone_df,
CW_DemandRedFac,CW,Crop Water,zone_df,
CW_DemRedFacRange,CW,Crop Water,zonebuf_df,
CW_DriestVoxel,CW,Crop Water,zone_df,
CW_DryFactRangePower,CW,Crop Water,zone_df,
CW_DryFactRangeUpdate,CW,Crop Water,zone_df,
CW_DrySoilFact,CW,Crop Water,zonebuf_df,
CW_EqTheta,CW,Crop Water,zonelayer_df,
CW_HEGrad,CW,Crop Water,zonelayer_df,
CW_HEqFactor,CW,Crop Water,zone_df,
CW_Hyd,CW,Crop Water,zonelayer_df,
CW_HydF,CW,Crop Water,zonelayer_df,
CW_HydFlux,CW,Crop Water,zonelayer_df,
CW_HydFluxPosTot,CW,Crop Water,zone_df,
CW_HydR,CW,Crop Water,zonelayer_df,
CW_HydRInvSum,CW,Crop Water,zone_df,
CW_m,CW,Crop Water,zone_df,
CW_MaxUptofRange,CW,Crop Water,zone_df,
CW_pF,CW,Crop Water,zonebuf_df,
CW_Posgro,CW,Crop Water,zone_df,Yes zone
CW_Pot,CW,Crop Water,zone_df,
CW_PotAct,CW,Crop Water,zone_df,
CW_PotActCor,CW,Crop Water,zone_df,
CW_PotActRange,CW,Crop Water,zonebuf_df,
CW_PotDelta,CW,Crop Water,zonelayer_df,
CW_PotFlux,CW,Crop Water,zonelayer_df,
CW_PotFluxNeg,CW,Crop Water,zone_df,
CW_PotFluxPos,CW,Crop Water,zone_df,
CW_PotFluxSum,CW,Crop Water,zone_df,
CW_PotFluxSumAbs,CW,Crop Water,zonelayer_df,
CW_PotRadial,CW,Crop Water,zone_df,
CW_PotRange,CW,Crop Water,zonebuf_df,
CW_PotSoil,CW,Crop Water,zonebuf_df,
CW_PotSoilbest,CW,Crop Water,zone_df,
CW_PotSoilMax,CW,Crop Water,zone_df,
CW_PotSoilMin,CW,Crop Water,zone_df,
CW_PotSuctHalf,CW,Crop Water,zone_df,
CW_PotUptRange,CW,Crop Water,zonebuf_df,
CW_PStem,CW,Crop Water,zonelayer_df,
CW_PStemSum,CW,Crop Water,zone_df,
CW_PU,CW,Crop Water,zonelayerbuf_df,
CW_ScalingFacNeg,CW,Crop Water,zone_df,
CW_ScalingFacPos,CW,Crop Water,zone_df,
CW_ThetaRange,CW,Crop Water,zonelayerbuf_df,
CW_UptDeno,CW,Crop Water,zone_df,
CW_UptPot,CW,Crop Water,zone_df,
CW_UptRel,CW,Crop Water,zonelayer_df,
CW_UptRelDeno,CW,Crop Water,zone_df,
CW_UptTot,CW,Crop Water,zone_df,
CW_WettestVoxel,CW,Crop Water,zone_df,
CW_YDayWUotChange,CW,Crop Water,zone_df,
E_Alpha,E,Erosion,,
E_BulkDens,E,Erosion,,
E_CovEffT,E,Erosion,tree_df,
E_CoverFac,E,Erosion,zone_df,
E_CoverSum,E,Erosion,zone_df,
E_CumSoilInflowZn,E,Erosion,zone_df,
E_Epsilon,E,Erosion,,
E_Erosiveness,E,Erosion,,
E_ErosRose,E,Erosion,zone_df,
E_ErosUSLE,E,Erosion,zone_df,
E_Heat,E,Erosion,,
E_PloughDoY,E,Erosion,,
E_PloughEvent,E,Erosion,,
E_PloughPast,E,Erosion,,
E_PloughTime_is,E,Erosion,zone_df,
E_PloughTimeCal,E,Erosion,,
E_PloughY,E,Erosion,,
E_Rain,E,Erosion,zone_df,
E_SedConAvg,E,Erosion,,
E_SedConcinRunOff,E,Erosion,zone_df,
E_SlopeFac,E,Erosion,zone_df,
E_SoilInflow,E,Erosion,zone_df,
E_SoilLoss,E,Erosion,zone_df,
E_SoilLossCumZn,E,Erosion,zone_df,
E_SoilMoveCurr,E,Erosion,zone_df,
E_SoilMovPlou,E,Erosion,zone_df,
E_TopSoilDepthAct,E,Erosion,zone_df,
EVAP_CropWatDem,EVAP,Evaporation,zone_df,
EVAP_DailyPot,EVAP,Evaporation,,
EVAP_EpotDemandNotMetBy,EVAP,Evaporation,,
EVAP_FromDeadWood,EVAP,Evaporation,zone_df,
EVAP_InitWoodMoist,EVAP,Evaporation,zone_df,
EVAP_LightNotCaptured,EVAP,Evaporation,zone_df,
EVAP_Pot,EVAP,Evaporation,,
EVAP_PotSoilEvap,EVAP,Evaporation,zone_df,
EVAP_RedFact,EVAP,Evaporation,zone_df,
EVAP_SlashEvap,EVAP,Evaporation,zone_df,
EVAP_SlashInit,EVAP,Evaporation,zone_df,
EVAP_SlashWater,EVAP,Evaporation,zone_df,
EVAP_Surf,EVAP,Evaporation,zone_df,
EVAP_SurfCum,EVAP,Evaporation,zone_df,
EVAP_TreeWatDem,EVAP,Evaporation,tree_df,
EVAP_TTranspHist,EVAP,Evaporation,,
EVAP_WoodMoist,EVAP,Evaporation,zone_df,
EVAP_YesterdayTTransp,EVAP,Evaporation,,
G_Animal,G,Grazing / Livestock,pcomp_df,
G_AnimalBehModifiedManWght,G,Grazing / Livestock,zone_df,
G_AttrractGrasStL,G,Grazing / Livestock,zone_df,
G_BiomassGrazed,G,Grazing / Livestock,pcomp_df,
G_BiomDep,G,Grazing / Livestock,zone_df,
G_CumFeedSufficiency,G,Grazing / Livestock,pcomp_df,
G_Feed,G,Grazing / Livestock,pcomp_df,
G_GrazeAccess,G,Grazing / Livestock,zone_df,
G_Grazed,G,Grazing / Livestock,pcomp_df,
G_Grazed,G,Grazing / Livestock,pcomp_df,
G_GrazedBiomCum,G,Grazing / Livestock,pcomp_df,
G_GrazedPerZone,G,Grazing / Livestock,zonepcomp_df,
G_GrazeResp,G,Grazing / Livestock,pcomp_df,
G_GrazeToday_is,G,Grazing / Livestock,,
G_GrazingPressure,G,Grazing / Livestock,,
G_LivestWeightGain,G,Grazing / Livestock,pcomp_df,
G_ManureDirectWeight,G,Grazing / Livestock,zone_df,
G_ManureInputPerZone,G,Grazing / Livestock,zonepcomp_df,
G_ManureProd,G,Grazing / Livestock,pcomp_df,
G_Ndep,G,Grazing / Livestock,zone_df,
G_Pasture,G,Grazing / Livestock,,
G_StageDep,G,Grazing / Livestock,zone_df,
G_ZoneGrazeFrac,G,Grazing / Livestock,zone_df,
GHG_AnaerobIndic,GHG,Greenhouse Gas Emissions,zone_df,
GHG_AnaerobIndicCh,GHG,Greenhouse Gas Emissions,zone_df,
GHG_CH4FluxFld,GHG,Greenhouse Gas Emissions,,
GHG_CH4FluxZn,GHG,Greenhouse Gas Emissions,zone_df,
GHG_Cum_CH4_emission,GHG,Greenhouse Gas Emissions,,
GHG_EffWaterfPoreF,GHG,Greenhouse Gas Emissions,zone_df,
GHG_GWP_N2O_CH4,GHG,Greenhouse Gas Emissions,,
GHG_N2_Em,GHG,Greenhouse Gas Emissions,zone_df,
GHG_N2_EmZn,GHG,Greenhouse Gas Emissions,zone_df,
GHG_N2_Fraction,GHG,Greenhouse Gas Emissions,,
GHG_N2O_Fraction,GHG,Greenhouse Gas Emissions,,
GHG_N2_per_NOx,GHG,Greenhouse Gas Emissions,zone_df,
GHG_Net_CH4_Em,GHG,Greenhouse Gas Emissions,zone_df,
GHG_NFluxEmZn,GHG,Greenhouse Gas Emissions,zone_df,
GHG_NFluxFld,GHG,Greenhouse Gas Emissions,,
GHG_NgasEmissionFCum,GHG,Greenhouse Gas Emissions,,
GHG_NgasEmissionFlux,GHG,Greenhouse Gas Emissions,zone_df,
GHG_NgassLossFluxField,GHG,Greenhouse Gas Emissions,,
GHG_NitOxEm,GHG,Greenhouse Gas Emissions,zonelayer_df,
GHG_Nitric_Oxide_EmZn,GHG,Greenhouse Gas Emissions,zone_df,
GHG_Nitrous_Oxide_EmZn,GHG,Greenhouse Gas Emissions,zone_df,
GHG_N2LossSubs,GHG,Greenhouse Gas Emissions,zone_df,
GHG_N2O_Em,GHG,Greenhouse Gas Emissions,zone_df,
GHG_N2O_EmField,GHG,Greenhouse Gas Emissions,,
GHG_N2O_EmFraction,GHG,Greenhouse Gas Emissions,zone_df,
GHG_N2O_Fraction,GHG,Greenhouse Gas Emissions,,
GHG_N2OFluxFld,GHG,Greenhouse Gas Emissions,,
GHG_TotNloss,GHG,Greenhouse Gas Emissions,zone_df,
LIGHT_CRelCap,LIGHT,Light Interception,zone_df,Yes zone
LIGHT_CRelSupply,LIGHT,Light Interception,zone_df,
L_Bottom,L,Light (Canopy Layers),zone_df,
L_Mid,L,Light (Canopy Layers),zone_df,
L_MidBot,L,Light (Canopy Layers),zone_df,
L_MidTop,L,Light (Canopy Layers),zone_df,
L_Top,L,Light (Canopy Layers),zone_df,
LF_AvgWatDef,LF,Lateral Flow / Groundwater,layer_df,
LF_HDrainCum,LF,Lateral Flow / Groundwater,layer_df,
LF_HMaxDailyFlow,LF,Lateral Flow / Groundwater,zonelayer_df,
LF_HMaxMailyFlow,LF,Lateral Flow / Groundwater,zone_df,
LF_InflowFromGW,LF,Lateral Flow / Groundwater,layer_df,
LF_LatAc,LF,Lateral Flow / Groundwater,layer_df,
LF_LatInCum,LF,Lateral Flow / Groundwater,layer_df,
LF_LatInflow,LF,Lateral Flow / Groundwater,layer_df,
LF_MaxProfHOutflow,LF,Lateral Flow / Groundwater,,
LF_MaxProfVAbsorption,LF,Lateral Flow / Groundwater,,
LF_MaxVInflow,LF,Lateral Flow / Groundwater,zonelayer_df,
LF_MVIZF,LF,Lateral Flow / Groundwater,zonelayer_df,
LF_RelDistInflowFromGW,LF,Lateral Flow / Groundwater,layer_df,
LF_RunOn,LF,Lateral Flow / Groundwater,,
LF_SICZF,LF,Lateral Flow / Groundwater,zone_df,
LF_UphillGWIncr,LF,Lateral Flow / Groundwater,,
LF_UphillGWRelease,LF,Lateral Flow / Groundwater,,
LF_UphillGWStore,LF,Lateral Flow / Groundwater,,
LF_UpHillRainIn,LF,Lateral Flow / Groundwater,,
LF_VertFlow,LF,Lateral Flow / Groundwater,layer_df,
LF_VMaxDailyFlow,LF,Lateral Flow / Groundwater,zonelayer_df,
MC_StrLitSomTransFrac,MC,Litter & SOM Decomposition (Century - Method 1),zone_df,
MC_Act,MC,Litter & SOM Decomposition (Century - Method 1),zone_df,
MC2_Act,MC2,Litter & SOM Decomposition (Century - Method 2),zonelayer_df,
MC2_Act_LayerTrans,MC2,Litter & SOM Decomposition (Century - Method 2),zonelayer_df,
MC_Act_LitSomTrans,MC,Litter & SOM Decomposition (Century - Method 1),zone_df,
MC2_Act_SomTrans,MC2,Litter & SOM Decomposition (Century - Method 2),zonelayer_df,
MC_ActCO2,MC,Litter & SOM Decomposition (Century - Method 1),zone_df,
MC2_ActCO2,MC2,Litter & SOM Decomposition (Century - Method 2),zone_df,
MC_ActCO2In,MC,Litter & SOM Decomposition (Century - Method 1),zone_df,
MC2_ActCO2In,MC2,Litter & SOM Decomposition (Century - Method 2),zonelayer_df,
MC_ActDecomDec,MC,Litter & SOM Decomposition (Century - Method 1),zonenut_df,
MC2_ActDecomDec,MC2,Litter & SOM Decomposition (Century - Method 2),zonelayer_df,
MC_ActDecomDecMin,MC,Litter & SOM Decomposition (Century - Method 1),zone_df,
MC2_ActDecomDecMin,MC2,Litter & SOM Decomposition (Century - Method 2),zonelayer_df,
MC_ActLitSomTransFrac,MC,Litter & SOM Decomposition (Century - Method 1),zone_df,
MC_ActPass,MC,Litter & SOM Decomposition (Century - Method 1),zone_df,
MC2_ActPass,MC2,Litter & SOM Decomposition (Century - Method 2),zonelayer_df,
MC_ActPassF,MC,Litter & SOM Decomposition (Century - Method 1),zone_df,
MC2_ActPassF,MC2,Litter & SOM Decomposition (Century - Method 2),zonelayer_df,
MC_ActResp,MC,Litter & SOM Decomposition (Century - Method 1),,
MC2_ActResp,MC2,Litter & SOM Decomposition (Century - Method 2),,
MC_ActSlw,MC,Litter & SOM Decomposition (Century - Method 1),zone_df,
MC2_ActSlw,MC2,Litter & SOM Decomposition (Century - Method 2),zonelayer_df,
MC_ActSlwF,MC,Litter & SOM Decomposition (Century - Method 1),zone_df,
MC2_ActSlwF,MC2,Litter & SOM Decomposition (Century - Method 2),zonelayer_df,
MC_ActTot,MC,Litter & SOM Decomposition (Century - Method 1),zone_df,
MC2_Clay,MC2,Litter & SOM Decomposition (Century - Method 2),,
MC2_ClayperZone,MC2,Litter & SOM Decomposition (Century - Method 2),zone_df,
MC2_CorgInit,MC2,Litter & SOM Decomposition (Century - Method 2),,
MC2_CrefMeth,MC2,Litter & SOM Decomposition (Century - Method 2),,
MC2_CSlowFrac,MC2,Litter & SOM Decomposition (Century - Method 2),,
MC_EffActSlw,MC,Litter & SOM Decomposition (Century - Method 1),,
MC2_EffActSlw,MC2,Litter & SOM Decomposition (Century - Method 2),,
MC2_InputLign,MC2,Litter & SOM Decomposition (Century - Method 2),zonelayer_df,
MC2_InputRtAmount,MC2,Litter & SOM Decomposition (Century - Method 2),zonelayer_df,
MC2_kActCorrectedLayer,MC2,Litter & SOM Decomposition (Century - Method 2),zone_df,
MC_kActCur,MC,Litter & SOM Decomposition (Century - Method 1),zone_df,
MC2_kActCur,MC2,Litter & SOM Decomposition (Century - Method 2),zonelayer_df,
MC_kMetabCur,MC,Litter & SOM Decomposition (Century - Method 1),zone_df,
MC2_kMetabCur,MC2,Litter & SOM Decomposition (Century - Method 2),zonelayer_df,
MC2_kPassCorrectedLayer,MC2,Litter & SOM Decomposition (Century - Method 2),zone_df,
MC_kPassCur,MC,Litter & SOM Decomposition (Century - Method 1),zone_df,
MC2_kPassCur,MC2,Litter & SOM Decomposition (Century - Method 2),zonelayer_df,
MC2_KSlowPassCurr,MC2,Litter & SOM Decomposition (Century - Method 2),zonelayer_df,
MC2_kSlwCorrectedLayer,MC2,Litter & SOM Decomposition (Century - Method 2),zone_df,
MC_kSlwCur,MC,Litter & SOM Decomposition (Century - Method 1),zone_df,
MC2_kSlwCur,MC2,Litter & SOM Decomposition (Century - Method 2),zonelayer_df,
MC_kStrucCur,MC,Litter & SOM Decomposition (Century - Method 1),zone_df,
MC2_kStrucCur,MC2,Litter & SOM Decomposition (Century - Method 2),zonelayer_df,
MC_LAIperNecmss,MC,Litter & SOM Decomposition (Century - Method 1),zone_df,
MC2_LitSomTrans,MC2,Litter & SOM Decomposition (Century - Method 2),zonecpools_df,
MC_LitTemp,MC,Litter & SOM Decomposition (Century - Method 1),zone_df,
MC_LitTempLim,MC,Litter & SOM Decomposition (Century - Method 1),zone_df,
MC_LitterAmount,MC,Litter & SOM Decomposition (Century - Method 1),zone_df,
MC_LitterC,MC,Litter & SOM Decomposition (Century - Method 1),zone_df,
MC_LitterLignPolyp,MC,Litter & SOM Decomposition (Century - Method 1),zone_df,
MC2_Met_LayerTrans,MC2,Litter & SOM Decomposition (Century - Method 2),zonelayer_df,
MC2_Met_SomTrans,MC,Litter & SOM Decomposition (Century - Method 1),zone_df,
MC2_Met_SomTrans,MC2,Litter & SOM Decomposition (Century - Method 2),zonelayer_df,
MC2_Met_SomTrans,MC,Litter & SOM Decomposition (Century - Method 1),zone_df,
MC2_Metab,MC2,Litter & SOM Decomposition (Century - Method 2),zonelayer_df,
MC_MetabActF,MC,Litter & SOM Decomposition (Century - Method 1),zone_df,
MC2_MetabActF,MC2,Litter & SOM Decomposition (Century - Method 2),zonelayer_df,
MC_MetabCO2,MC,Litter & SOM Decomposition (Century - Method 1),zone_df,
MC2_MetabCO2,MC2,Litter & SOM Decomposition (Century - Method 2),zone_df,
MC_MetabCO2In,MC,Litter & SOM Decomposition (Century - Method 1),zone_df,
MC2_MetabCO2In,MC2,Litter & SOM Decomposition (Century - Method 2),zonelayer_df,
MC_MetabIn,MC,Litter & SOM Decomposition (Century - Method 1),zone_df,
MC2_MetabIn,MC2,Litter & SOM Decomposition (Century - Method 2),zonelayer_df,
MC_MetabTot,MC,Litter & SOM Decomposition (Century - Method 1),zone_df,
MC_MetLitSomTransFrac,MC,Litter & SOM Decomposition (Century - Method 1),zone_df,
MC2_OrgC_Leached,MC2,Litter & SOM Decomposition (Century - Method 2),zone_df,
MC2_OrgC_Leaching,MC2,Litter & SOM Decomposition (Century - Method 2),zone_df,
MC2_OrgInpC,MC2,Litter & SOM Decomposition (Century - Method 2),zonelayer_df,
MC_Pas_LitSomTrans,MC,Litter & SOM Decomposition (Century - Method 1),zone_df,
MC_Pass,MC,Litter & SOM Decomposition (Century - Method 1),zone_df,
MC2_Pass,MC2,Litter & SOM Decomposition (Century - Method 2),zonelayer_df,
MC2_Pass_LayerTrans,MC2,Litter & SOM Decomposition (Century - Method 2),zonelayer_df,
MC2_Pass_SomTrans,MC2,Litter & SOM Decomposition (Century - Method 2),zonelayer_df,
MC_PassAct,MC,Litter & SOM Decomposition (Century - Method 1),zone_df,
MC2_PassAct,MC2,Litter & SOM Decomposition (Century - Method 2),zonelayer_df,
MC_PassCO2,MC,Litter & SOM Decomposition (Century - Method 1),zone_df,
MC2_PassCO2,MC2,Litter & SOM Decomposition (Century - Method 2),zone_df,
MC_PassCO2In,MC,Litter & SOM Decomposition (Century - Method 1),zone_df,
MC2_PassCO2In,MC2,Litter & SOM Decomposition (Century - Method 2),zonelayer_df,
MC_PassLitSomTransFrac,MC,Litter & SOM Decomposition (Century - Method 1),zone_df,
MC_PassTot,MC,Litter & SOM Decomposition (Century - Method 1),zone_df,
MC2_RelImpDeno,MC2,Litter & SOM Decomposition (Century - Method 2),zone_df,
MC2_RHDrain,MC2,Litter & SOM Decomposition (Century - Method 2),zonelayer_df,
MC2_Silt,MC2,Litter & SOM Decomposition (Century - Method 2),,
MC2_SiltClayCoeffCref,MC2,Litter & SOM Decomposition (Century - Method 2),,
MC2_SiltperZone,MC2,Litter & SOM Decomposition (Century - Method 2),zone_df,
MC2_Slow_LayerTrans,MC2,Litter & SOM Decomposition (Century - Method 2),zonelayer_df,
MC_Slw,MC,Litter & SOM Decomposition (Century - Method 1),zone_df,
Mc2_Slw_SomTrans,MC2,Litter & SOM Decomposition (Century - Method 2),zonelayer_df,
MC_Slw_LitSomTrans,MC,Litter & SOM Decomposition (Century - Method 1),zone_df,
MC_SlwAct,MC,Litter & SOM Decomposition (Century - Method 1),zone_df,
MC2_SlwAct,MC2,Litter & SOM Decomposition (Century - Method 2),zonelayer_df,
MC_SlwCO2,MC,Litter & SOM Decomposition (Century - Method 1),zone_df,
MC2_SlwCO2,MC2,Litter & SOM Decomposition (Century - Method 2),zone_df,
MC_SlwCO2In,MC,Litter & SOM Decomposition (Century - Method 1),zone_df,
MC2_SlwCO2In,MC2,Litter & SOM Decomposition (Century - Method 2),zonelayer_df,
MC_SlwDecomDec,MC,Litter & SOM Decomposition (Century - Method 1),zone_df,
MC2_SlwDecomDec,MC2,Litter & SOM Decomposition (Century - Method 2),zone_df,
MC_SlwDecomDecMin,MC,Litter & SOM Decomposition (Century - Method 1),zonenut_df,
MC2_SlwDecomDecMin,MC2,Litter & SOM Decomposition (Century - Method 2),zonenut_df,
MC_SlwLitSomTransFrac,MC,Litter & SOM Decomposition (Century - Method 1),zone_df,
MC_SlwPassF,MC,Litter & SOM Decomposition (Century - Method 1),zone_df,
MC2_SlwPassF,MC2,Litter & SOM Decomposition (Century - Method 2),zonelayer_df,
MC_SlwTot,MC,Litter & SOM Decomposition (Century - Method 1),zone_df,
MC_SplitMet,MC,Litter & SOM Decomposition (Century - Method 1),zone_df,
MC2_SplitMet,MC2,Litter & SOM Decomposition (Century - Method 2),zonelayer_df,
MC_Str_LitSomTrans,MC,Litter & SOM Decomposition (Century - Method 1),zone_df,
MC_Struc,MC,Litter & SOM Decomposition (Century - Method 1),zone_df,
MC2_Struc,MC2,Litter & SOM Decomposition (Century - Method 2),zonelayer_df,
MC2_Struc_LayerTrans,MC2,Litter & SOM Decomposition (Century - Method 2),zonelayer_df,
MC2_Struc_SomT,MC2,Litter & SOM Decomposition (Century - Method 2),zonelayer_df,
MC_StrucActCO2,MC,Litter & SOM Decomposition (Century - Method 1),zone_df,
MC2_StrucActCO2,MC2,Litter & SOM Decomposition (Century - Method 2),zone_df,
MC_StrucActCO2In,MC,Litter & SOM Decomposition (Century - Method 1),zone_df,
MC2_StrucActCO2In,MC2,Litter & SOM Decomposition (Century - Method 2),zonelayer_df,
MC_StrucActF,MC,Litter & SOM Decomposition (Century - Method 1),zone_df,
MC2_StrucActF,MC2,Litter & SOM Decomposition (Century - Method 2),zonelayer_df,
MC_StrucIn,MC,Litter & SOM Decomposition (Century - Method 1),zone_df,
MC2_StrucIn,MC2,Litter & SOM Decomposition (Century - Method 2),zonelayer_df,
MC_StrucLig,MC,Litter & SOM Decomposition (Century - Method 1),zone_df,
MC2_StrucLig,MC2,Litter & SOM Decomposition (Century - Method 2),zonelayer_df,
MC_StrucSlwCO2,MC,Litter & SOM Decomposition (Century - Method 1),zone_df,
MC2_StrucSlwCO2,MC2,Litter & SOM Decomposition (Century - Method 2),zone_df,
MC_StrucSlwCO2In,MC,Litter & SOM Decomposition (Century - Method 1),zone_df,
MC_StrucSlwCO2In_SOM,MC,Litter & SOM Decomposition (Century - Method 1),zonelayer_df,
MC_StrucSlwF,MC,Litter & SOM Decomposition (Century - Method 1),zone_df,
MC2_StrucSlwF,MC2,Litter & SOM Decomposition (Century - Method 2),zonelayer_df,
MC_StrucTot,MC,Litter & SOM Decomposition (Century - Method 1),zone_df,
MC_StructSlwF_act,MC,Litter & SOM Decomposition (Century - Method 1),zone_df,
MC2_TempLim,MC2,Litter & SOM Decomposition (Century - Method 2),zonelayer_df,
MC2_Theta,MC2,Litter & SOM Decomposition (Century - Method 2),zonelayer_df,
MC_ThetaLim,MC,Litter & SOM Decomposition (Century - Method 1),zone_df,
MC2_ThetaLim,MC2,Litter & SOM Decomposition (Century - Method 2),zonelayer_df,
MC_ThetaLitter,MC,Litter & SOM Decomposition (Century - Method 1),zone_df,
MC2_TillageEvent,MC2,Litter & SOM Decomposition (Century - Method 2),zone_df,
MN_Act,MN,Mineral Nitrogen (Method 1),zonenut_df,
MN2_Act,MN2,Mineral Nitrogen (Method 2),zonelayer_df,
MN_Act_LitSomTrans,MN,Mineral Nitrogen (Method 1),zonenut_df,
MN2_Act_SomTrans,MN2,Mineral Nitrogen (Method 2),zonelayer_df,
MN2_ActCorrectedInit,MN2,Mineral Nitrogen (Method 2),zone_df,
MN2_ActInit,MN2,Mineral Nitrogen (Method 2),zone_df,
MN2_ActInitF,MN2,Mineral Nitrogen (Method 2),zone_df,
MN2_ActLayer,MN2,Mineral Nitrogen (Method 2),zonelayer_df,
MN_ActMin,MN,Mineral Nitrogen (Method 1),zonenut_df,
MN2_ActMin,MN2,Mineral Nitrogen (Method 2),zonelayer_df,
MN_ActMinF,MN,Mineral Nitrogen (Method 1),zonenut_df,
MN2_ActMinF,MN2,Mineral Nitrogen (Method 2),zonelayer_df,
MN_ActPass,MN,Mineral Nitrogen (Method 1),zonenut_df,
MN2_ActPass,MN2,Mineral Nitrogen (Method 2),zonelayer_df,
MN_ActPassF,MN,Mineral Nitrogen (Method 1),zonenut_df,
MN2_ActPassF,MN2,Mineral Nitrogen (Method 2),zonelayer_df,
MN_ActS,MN,Mineral Nitrogen (Method 1),zonenut_df,
MN2_ActS,MN2,Mineral Nitrogen (Method 2),zonelayer_df,
MN_ActSlw,MN,Mineral Nitrogen (Method 1),zonenut_df,
MN2_ActSlw,MN2,Mineral Nitrogen (Method 2),zonelayer_df,
MN_ActSlwF,MN,Mineral Nitrogen (Method 1),zonenut_df,
MN2_ActSlwF,MN2,Mineral Nitrogen (Method 2),zonelayer_df,
MN2_CentMinFlows,MN2,Mineral Nitrogen (Method 2),zonenut_df,
MN_CNActAct,MN,Mineral Nitrogen (Method 1),zonenut_df,
MN2_CNActAct,MN2,Mineral Nitrogen (Method 2),zonelayer_df,
MN_CNMetab,MN,Mineral Nitrogen (Method 1),zonenut_df,
MN2_CNMetab,MN2,Mineral Nitrogen (Method 2),zonelayer_df,
MN_CNSlwAct,MN,Mineral Nitrogen (Method 1),zonenut_df,
MN2_CNSlwAct,MN2,Mineral Nitrogen (Method 2),zonelayer_df,
MN_CNStrucActual,MN,Mineral Nitrogen (Method 1),zonenut_df,
MN_DecAct,MN,Mineral Nitrogen (Method 1),zonenut_df,
MN2_DecAct,MN2,Mineral Nitrogen (Method 2),zonelayer_df,
MN_DecActMet,MN,Mineral Nitrogen (Method 1),zonenut_df,
MN2_DecActMet,MN2,Mineral Nitrogen (Method 2),zonelayer_df,
MN_DecActSt,MN,Mineral Nitrogen (Method 1),zonenut_df,
MN2_DecActSt,MN2,Mineral Nitrogen (Method 2),zonelayer_df,
MN_DecPass,MN,Mineral Nitrogen (Method 1),zonenut_df,
MN2_DecPass,MN2,Mineral Nitrogen (Method 2),zonelayer_df,
MN_DecSlw,MN,Mineral Nitrogen (Method 1),zonenut_df,
MN2_DecSlw,MN2,Mineral Nitrogen (Method 2),zonelayer_df,
MN_DecStrucSlw,MN,Mineral Nitrogen (Method 1),zonenut_df,
MN2_DecStrucSlw,MN2,Mineral Nitrogen (Method 2),zonelayer_df,
MN2_DeltaPassSum,MN2,Mineral Nitrogen (Method 2),zone_df,
MN_DemActMet,MN,Mineral Nitrogen (Method 1),zonenut_df,
MN2_DemActMet,MN2,Mineral Nitrogen (Method 2),zonelayer_df,
MN_DemActSt,MN,Mineral Nitrogen (Method 1),zonenut_df,
MN2_DemActSt,MN2,Mineral Nitrogen (Method 2),zonelayer_df,
MN_DemStrucSlw,MN,Mineral Nitrogen (Method 1),zonenut_df,
MN2_DemStrucSlw,MN2,Mineral Nitrogen (Method 2),zonelayer_df,
MN_ExtOrgInpN,MN,Mineral Nitrogen (Method 1),zonenut_df,
MN_FertDissF,MN,Mineral Nitrogen (Method 1),zonenut_df,
MN_FertNZn,MN,Mineral Nitrogen (Method 1),zonenut_df,
MN_FertOnSoil,MN,Mineral Nitrogen (Method 1),zonenut_df,
MN_ImmobAct,MN,Mineral Nitrogen (Method 1),zonenut_df,
MN2_ImmobAct,MN2,Mineral Nitrogen (Method 2),zonelayer_df,
MN_ImmobStrucSlw,MN,Mineral Nitrogen (Method 1),zonenut_df,
MN2_ImmobStrucSlw,MN2,Mineral Nitrogen (Method 2),zonelayer_df,
MN_LatFlowFert,MN,Mineral Nitrogen (Method 1),zonenut_df,
MN_LitInpN,MN,Mineral Nitrogen (Method 1),zonenut_df,
MN_LitterNConc,MN,Mineral Nitrogen (Method 1),zonenut_df,
MN_Met_LitSomTrans,MN,Mineral Nitrogen (Method 1),zonenut_df,
MN2_Met_SomTrans,MN2,Mineral Nitrogen (Method 2),zonelayer_df,
MN_Metab,MN,Mineral Nitrogen (Method 1),zonenut_df,
MN2_Metab,MN2,Mineral Nitrogen (Method 2),zonelayer_df,
MN_MetabActF,MN,Mineral Nitrogen (Method 1),zonenut_df,
MN2_MetabActF,MN2,Mineral Nitrogen (Method 2),zonelayer_df,
MN_MetabIn,MN,Mineral Nitrogen (Method 1),zonenut_df,
MN2_MetabIn,MN2,Mineral Nitrogen (Method 2),zonelayer_df,
MN_MetabMinF,MN,Mineral Nitrogen (Method 1),zonenut_df,
MN2_MetabMinF,MN2,Mineral Nitrogen (Method 2),zonelayer_df,
MN_MetabS,MN,Mineral Nitrogen (Method 1),zonenut_df,
MN2_MetabS,MN2,Mineral Nitrogen (Method 2),zonelayer_df,
MN2_MinDueToSB,MN2,Mineral Nitrogen (Method 2),zonelayer_df,
MN2_MinerActLayer,MN2,Mineral Nitrogen (Method 2),zonelayer_df,
MN_Mineralization,MN,Mineral Nitrogen (Method 1),zonenut_df,
MN2_MinerPassLayer,MN2,Mineral Nitrogen (Method 2),zonelayer_df,
MN2_MinerSlwLayer,MN2,Mineral Nitrogen (Method 2),zonelayer_df,
MN_MinNutpool,MN,Mineral Nitrogen (Method 1),zonenut_df,
MN2_MinNutpool,MN2,Mineral Nitrogen (Method 2),zonelayer_df,
MN_MinNutTot,MN,Mineral Nitrogen (Method 1),nut_df,
MN2_OrgInpRtConc,MN2,Mineral Nitrogen (Method 2),zonelayer_df,
MN2_OrgInpRtN,MN2,Mineral Nitrogen (Method 2),zonelayer_df,
MN2_OrgN,MN2,Mineral Nitrogen (Method 2),zone_df,
MN2_OrgNLeached,MN2,Mineral Nitrogen (Method 2),zone_df,
MN_Pas_LitSomTrans,MN,Mineral Nitrogen (Method 1),zonenut_df,
MN2_Pas_SomTrans,MN2,Mineral Nitrogen (Method 2),zonelayer_df,
MN_PasMinF,MN,Mineral Nitrogen (Method 1),zonenut_df,
MN_Pass,MN,Mineral Nitrogen (Method 1),zonenut_df,
MN2_Pass,MN2,Mineral Nitrogen (Method 2),zonelayer_df,
MN_PassAct,MN,Mineral Nitrogen (Method 1),zonenut_df,
MN2_PassAct,MN2,Mineral Nitrogen (Method 2),zonelayer_df,
MN2_PassCorrectedLayer,MN2,Mineral Nitrogen (Method 2),zonelayer_df,
MN2_PassCorrectedSumInit,MN2,Mineral Nitrogen (Method 2),zone_df,
MN2_PassInit,MN2,Mineral Nitrogen (Method 2),zone_df,
MN2_PassInitF,MN2,Mineral Nitrogen (Method 2),zone_df,
MN2_PassInitLayer,MN2,Mineral Nitrogen (Method 2),zonelayer_df,
MN2_PassLayer,MN2,Mineral Nitrogen (Method 2),zonelayer_df,
MN2_PassMinF,MN2,Mineral Nitrogen (Method 2),zonelayer_df,
MN_PassS,MN,Mineral Nitrogen (Method 1),zonenut_df,
MN2_PassS,MN2,Mineral Nitrogen (Method 2),zonelayer_df,
MN2_RelImpLayer,MN2,Mineral Nitrogen (Method 2),zonelayer_df,
MN2_RelImpPass,MN2,Mineral Nitrogen (Method 2),zone_df,
MN_RunOffFert,MN,Mineral Nitrogen (Method 1),zonenut_df,
MN_Slw,MN,Mineral Nitrogen (Method 1),zonenut_df,
MN2_Slw,MN2,Mineral Nitrogen (Method 2),zonelayer_df,
MN_Slw_LitSomTrans,MN,Mineral Nitrogen (Method 1),zonenut_df,
MN2_Slw_SomTrans,MN2,Mineral Nitrogen (Method 2),zonelayer_df,
MN_SlwAct,MN,Mineral Nitrogen (Method 1),zonenut_df,
MN2_SlwAct,MN2,Mineral Nitrogen (Method 2),zonelayer_df,
MN2_SlwCorrectedInit,MN2,Mineral Nitrogen (Method 2),zone_df,
MN2_SlwInit,MN2,Mineral Nitrogen (Method 2),zone_df,
MN2_SlwInitF,MN2,Mineral Nitrogen (Method 2),zone_df,
MN2_SlwLayer,MN2,Mineral Nitrogen (Method 2),zonelayer_df,
MN_SlwMin,MN,Mineral Nitrogen (Method 1),zonenut_df,
MN2_SlwMin,MN2,Mineral Nitrogen (Method 2),zonelayer_df,
MN_SlwMinF,MN,Mineral Nitrogen (Method 1),zonenut_df,
MN2_SlwMinF,MN2,Mineral Nitrogen (Method 2),zonelayer_df,
MN_SlwPassF,MN,Mineral Nitrogen (Method 1),zonenut_df,
MN2_SlwPassF,MN2,Mineral Nitrogen (Method 2),zonelayer_df,
MN_SlwS,MN,Mineral Nitrogen (Method 1),zonenut_df,
MN2_SlwS,MN2,Mineral Nitrogen (Method 2),zonelayer_df,
MN2_SomMinExch,MN2,Mineral Nitrogen (Method 2),zonelayer_df,
MN_Str_LitSomTrans,MN,Mineral Nitrogen (Method 1),zonenut_df,
MN_Struc,MN,Mineral Nitrogen (Method 1),zonenut_df,
MN2_Struc,MN2,Mineral Nitrogen (Method 2),zonelayer_df,
MN2_Struc_SomTrans,MN2,Mineral Nitrogen (Method 2),zonelayer_df,
MN_StrucActF,MN,Mineral Nitrogen (Method 1),zonenut_df,
MN2_StrucActF,MN2,Mineral Nitrogen (Method 2),zonelayer_df,
MN_StrucIn,MN,Mineral Nitrogen (Method 1),zonenut_df,
MN2_StrucIn,MN2,Mineral Nitrogen (Method 2),zonelayer_df,
MN_StrucMinF,MN,Mineral Nitrogen (Method 1),zonenut_df,
MN2_StrucMinF,MN2,Mineral Nitrogen (Method 2),zonelayer_df,
MN_StrucS,MN,Mineral Nitrogen (Method 1),zonenut_df,
MN2_StrucS,MN2,Mineral Nitrogen (Method 2),zonelayer_df,
MN_StrucSlwF,MN,Mineral Nitrogen (Method 1),zonenut_df,
MN2_StrucSlwF,MN2,Mineral Nitrogen (Method 2),zonelayer_df,
MN_TotLitSomTrans,MN,Mineral Nitrogen (Method 1),zonenut_df,
MNP_MinNutPool,MNP,Mineral Nutrient Pool (N & P Combined),zonenut_df,
MP2_Act,MP2,Mineral Phosphorus (Method 2),zonelayer_df,
MP2_Act_SomTrans,MP2,Mineral Phosphorus (Method 2),zonelayer_df,
MP2_ActMin,MP2,Mineral Phosphorus (Method 2),zonelayer_df,
MP2_ActMinF,MP2,Mineral Phosphorus (Method 2),zonelayer_df,
MP2_ActPass,MP2,Mineral Phosphorus (Method 2),zonelayer_df,
MP2_ActPassF,MP2,Mineral Phosphorus (Method 2),zonelayer_df,
MP2_ActS,MP2,Mineral Phosphorus (Method 2),zonelayer_df,
MP2_ActSlw,MP2,Mineral Phosphorus (Method 2),zonelayer_df,
MP2_ActSlwF,MP2,Mineral Phosphorus (Method 2),zonelayer_df,
MP2_CNActAct,MP2,Mineral Phosphorus (Method 2),zonelayer_df,
MP2_CNMetab,MP2,Mineral Phosphorus (Method 2),zonelayer_df,
MP2_CPSlwAct,MP2,Mineral Phosphorus (Method 2),zonelayer_df,
MP2_DecAct,MP2,Mineral Phosphorus (Method 2),zonelayer_df,
MP2_DecActMet,MP2,Mineral Phosphorus (Method 2),zonelayer_df,
MP2_DecActStP,MP2,Mineral Phosphorus (Method 2),zonelayer_df,
MP2_DecPass,MP2,Mineral Phosphorus (Method 2),zonelayer_df,
MP2_DecSlw,MP2,Mineral Phosphorus (Method 2),zonelayer_df,
MP2_DecStrucSlw,MP2,Mineral Phosphorus (Method 2),zonelayer_df,
MP2_DemActMet,MP2,Mineral Phosphorus (Method 2),zonelayer_df,
MP2_DemActSt,MP2,Mineral Phosphorus (Method 2),zonelayer_df,
MP2_DemStrucSlw,MP2,Mineral Phosphorus (Method 2),zonelayer_df,
MP2_ImmobAct,MP2,Mineral Phosphorus (Method 2),zonelayer_df,
MP2_ImmobStrucSlw,MP2,Mineral Phosphorus (Method 2),zonelayer_df,
MP2_Met_SomTrans,MP2,Mineral Phosphorus (Method 2),zonelayer_df,
MP2_Metab,MP2,Mineral Phosphorus (Method 2),zonelayer_df,
MP2_MetabActF,MP2,Mineral Phosphorus (Method 2),zonelayer_df,
MP2_MetabIn,MP2,Mineral Phosphorus (Method 2),zonelayer_df,
MP_MetabMinF,MP,Mineral Phosphorus (Method 1),zonelayer_df,
MP2_MetabS,MP2,Mineral Phosphorus (Method 2),zonelayer_df,
MP2_MinDueToSB,MP2,Mineral Phosphorus (Method 2),zonelayer_df,
MP2_MinNutpool,MP2,Mineral Phosphorus (Method 2),zonelayer_df,
MP2_OrgInpRtConc,MP2,Mineral Phosphorus (Method 2),zonelayer_df,
MP2_OrgInpRtP,MP2,Mineral Phosphorus (Method 2),zonelayer_df,
MP2_OrgP_Leached,MP2,Mineral Phosphorus (Method 2),zone_df,
MP2_OrgP_Leaching,MP2,Mineral Phosphorus (Method 2),zone_df,
MP2_Pas_SomTrans,MP2,Mineral Phosphorus (Method 2),zonelayer_df,
MP2_Pass,MP2,Mineral Phosphorus (Method 2),zonelayer_df,
MP2_PassAct,MP2,Mineral Phosphorus (Method 2),zonelayer_df,
MP2_PassMinF,MP2,Mineral Phosphorus (Method 2),zonelayer_df,
MP2_PassS,MP2,Mineral Phosphorus (Method 2),zonelayer_df,
MP2_Slw,MP2,Mineral Phosphorus (Method 2),zonelayer_df,
MP2_Slw_SomTrans,MP2,Mineral Phosphorus (Method 2),zonelayer_df,
MP2_SlwAct,MP2,Mineral Phosphorus (Method 2),zonelayer_df,
MP2_SlwMin,MP2,Mineral Phosphorus (Method 2),zonelayer_df,
MP2_SlwMinF,MP2,Mineral Phosphorus (Method 2),zonelayer_df,
MP2_SlwPassF,MP2,Mineral Phosphorus (Method 2),zonelayer_df,
MP2_SlwS,MP2,Mineral Phosphorus (Method 2),zonelayer_df,
MP2_SomMinExch,MP2,Mineral Phosphorus (Method 2),zonelayer_df,
MP2_Str_SomTrans,MP2,Mineral Phosphorus (Method 2),zonelayer_df,
MP2_Struc,MP2,Mineral Phosphorus (Method 2),zonelayer_df,
MP2_StrucActF,MP2,Mineral Phosphorus (Method 2),zonelayer_df,
MP2_StrucIn,MP2,Mineral Phosphorus (Method 2),zonelayer_df,
MP2_StrucMinF,MP2,Mineral Phosphorus (Method 2),zonelayer_df,
MP2_StrucS,MP2,Mineral Phosphorus (Method 2),zonelayer_df,
MP2_StrucSlwF,MP2,Mineral Phosphorus (Method 2),zonelayer_df,
N_AtmInp,N,Nitrogen,nut_df,
N_AvgLeachConc,N,Nitrogen,layernut_df,
N15_C,N15,Nitrogen-15 Isotope Tracing,zone_df,
N15_C,N15,Nitrogen-15 Isotope Tracing,zone_df,
N15_C,N15,Nitrogen-15 Isotope Tracing,zone_df,
N15_C,N15,Nitrogen-15 Isotope Tracing,zone_df,
N15_C,N15,Nitrogen-15 Isotope Tracing,zone_df,
N15_C,N15,Nitrogen-15 Isotope Tracing,zone_df,
N15_C,N15,Nitrogen-15 Isotope Tracing,zone_df,
N15_C,N15,Nitrogen-15 Isotope Tracing,zone_df,
N15_C,N15,Nitrogen-15 Isotope Tracing,zone_df,
N15_C,N15,Nitrogen-15 Isotope Tracing,zone_df,
N15_C,N15,Nitrogen-15 Isotope Tracing,zone_df,
N15_C,N15,Nitrogen-15 Isotope Tracing,zone_df,
N15_C,N15,Nitrogen-15 Isotope Tracing,zone_df,
N15_C,N15,Nitrogen-15 Isotope Tracing,zone_df,
N15_C,N15,Nitrogen-15 Isotope Tracing,zone_df,
N15_C,N15,Nitrogen-15 Isotope Tracing,zone_df,
N15_C,N15,Nitrogen-15 Isotope Tracing,zone_df,
N_CNutMob,N,Nitrogen,zonenut_df,
N_CRhizKaPM,N,Nitrogen,zonelayer_df,
N_CRhizKaPMod,N,Nitrogen,zone_df,
N_CRhizVol,N,Nitrogen,zonelayer_df,
N_Cterm,N,Nitrogen,zonelayernut_df,
N_CTUptPot,N,Nitrogen,zonelayernut_df,
N_CumAtmInput,N,Nitrogen,nut_df,
N_CUpt,N,Nitrogen,zonelayernut_df,Yes zone
N15_CUpt,N15,Nitrogen-15 Isotope Tracing,zonelayer_df,
N_CUptPot,N,Nitrogen,zonelayernut_df,
N_CUptPotAct,N,Nitrogen,zonelayernut_df,
N_Diff,N,Nitrogen,zonelayernut_df,
N_EdgeFF,N,Nitrogen,nut_df,
N_EdgeFFH,N,Nitrogen,nut_df,
N_EdgeFFV,N,Nitrogen,nut_df,
N_HLeach,N,Nitrogen,zonelayernut_df,
N_ImmInput,N,Nitrogen,zonenut_df,
N_ImmobileNut,N,Nitrogen,zonelayernut_df,
N_In,N,Nitrogen,zonelayernut_df,
N_Init,N,Nitrogen,zonelayernut_df,
N_Ka,N,Nitrogen,zonelayernut_df,
N_KaLeach,N,Nitrogen,zonelayernut_df,
N_KaP,N,Nitrogen,zonelayer_df,
N_KaPDef,N,Nitrogen,zonelayer_df,
N_LatInFlow,N,Nitrogen,layernut_df,
N_LatInflowCum,N,Nitrogen,layernut_df,
N_LatNutInflow,N,Nitrogen,layernut_df,
N_LatOutFlow,N,Nitrogen,zonelayernut_df,
N_LatOutflowCum,N,Nitrogen,layernut_df,
N_LeachConc,N,Nitrogen,zonelayernut_df,
N_LeachCumV,N,Nitrogen,zonenut_df,Yes
N_LeachOutx,N,Nitrogen,zonenut_df,
N_LocFF3i,N,Nitrogen,zonelayernut_df,
N_LossAcc,N,Nitrogen,zonelayernut_df,
N_LossiCum,N,Nitrogen,zonelayernut_df,
N_NGassLoss,N,Nitrogen,zonelayer_df,
N_NInit,N,Nitrogen,zonelayer_df,
N_NLossCum,N,Nitrogen,zonelayer_df,
N_NutMobil,N,Nitrogen,zonelayernut_df,
N15_ResidMulch,N15,Nitrogen-15 Isotope Tracing,zone_df,
N_RhizCShare,N,Nitrogen,zonelayer_df,
N_RhizEffect,N,Nitrogen,zonelayer_df,
N_RhizTShare,N,Nitrogen,zonelayertree_df,
N_Soil,N,Nitrogen,zonelayernut_df,
N_SomMinExch,N,Nitrogen,zonelayernut_df,
N_Stock,N,Nitrogen,zonelayernut_df,Yes zone
N15_Stock,N15,Nitrogen-15 Isotope Tracing,zonelayer_df,
N_StockZoneLayer,N,Nitrogen,zonelayer_df,
N15_T,N15,Nitrogen-15 Isotope Tracing,tree_df,
N15_T,N15,Nitrogen-15 Isotope Tracing,tree_df,
N15_T,N15,Nitrogen-15 Isotope Tracing,tree_df,
N15_T,N15,Nitrogen-15 Isotope Tracing,tree_df,
N15_T,N15,Nitrogen-15 Isotope Tracing,tree_df,
N15_T,N15,Nitrogen-15 Isotope Tracing,tree_df,
N15_T,N15,Nitrogen-15 Isotope Tracing,tree_df,
N15_T,N15,Nitrogen-15 Isotope Tracing,tree_df,
N15_T,N15,Nitrogen-15 Isotope Tracing,tree_df,
N15_T,N15,Nitrogen-15 Isotope Tracing,tree_df,
N15_T,N15,Nitrogen-15 Isotope Tracing,tree_df,
N15_T,N15,Nitrogen-15 Isotope Tracing,tree_df,
N15_T,N15,Nitrogen-15 Isotope Tracing,tree_df,
N15_T,N15,Nitrogen-15 Isotope Tracing,tree_df,
N15_T,N15,Nitrogen-15 Isotope Tracing,tree_df,
N_TNUptDem,N,Nitrogen,zonelayer_df,
N_TNUptPot,N,Nitrogen,zonelayertree_df,
N_TNUptPotAct,N,Nitrogen,zonelayertree_df,
N_TotFF,N,Nitrogen,nut_df,
N_TotFFi,N,Nitrogen,zonelayernut_df,
N_TotFFL,N,Nitrogen,layernut_df,
N_TotFFTot,N,Nitrogen,nut_df,
N_TotFFZn,N,Nitrogen,nut_df,
N_TotUpt,N,Nitrogen,nut_df,
N_TotUptLoss,N,Nitrogen,nut_df,
N_TotUptH,N,Nitrogen,nut_df,
N_TotUpti,N,Nitrogen,zonelayernut_df,
N_TPUptDem,N,Nitrogen,zonelayer_df,
N_TPUptPot,N,Nitrogen,zonelayertree_df,
N_TPUptPotAct,N,Nitrogen,zonelayertree_df,
N_TRhizKaPM,N,Nitrogen,zonelayertree_df,
N_TRhizKaPMod,N,Nitrogen,tree_df,
N_TTNUptPot,N,Nitrogen,zonelayertree_df,
N_TTPUptPot,N,Nitrogen,zonelayertree_df,
N_TUpt,N,Nitrogen,zonelayernut_df,Yes zone
N_TUpt,N,Nitrogen,zonelayertreenut_df,
N15_TUpt,N15,Nitrogen-15 Isotope Tracing,zonelayertree_df,
N15_TUptTot,N15,Nitrogen-15 Isotope Tracing,tree_df,
N_UptCCum,N,Nitrogen,zonelayernut_df,
N_UptEdgeH,N,Nitrogen,nut_df,
N_UptEdgeV,N,Nitrogen,nut_df,
N_UptPot,N,Nitrogen,zonelayernut_df,
N_UptTCum,N,Nitrogen,zonelayertreenut_df,
N_VLeach,N,Nitrogen,zonelayernut_df,Yes zone
N15_WeedSeedFall,N15,Nitrogen-15 Isotope Tracing,zone_df,
P_BurnLab,P,Economic Balance (Profitability),,
P_CCostExtOrg,P,Economic Balance (Profitability),price_df,
P_CCostFert,P,Economic Balance (Profitability),price_df,
P_CCostInp,P,Economic Balance (Profitability),price_df,
P_CCostLab,P,Economic Balance (Profitability),price_df,
P_CCostPestWeedCont,P,Economic Balance (Profitability),price_df,
P_CCosts,P,Economic Balance (Profitability),price_df,
P_CCostsAvg,P,Economic Balance (Profitability),price_df,
P_CCostSeed,P,Economic Balance (Profitability),price_df,
P_CCostSeedZn,P,Economic Balance (Profitability),zoneprice_df,
P_CCostsInc,P,Economic Balance (Profitability),price_df,
P_CCostsTot,P,Economic Balance (Profitability),price_df,
P_CFertLab,P,Economic Balance (Profitability),zone_df,
P_CFertLabour,P,Economic Balance (Profitability),,
P_CFertLabourZn,P,Economic Balance (Profitability),zone_df,
P_CHarvLab,P,Economic Balance (Profitability),zone_df,
P_CHarvLabour,P,Economic Balance (Profitability),,
P_CHarvLabourperType,P,Economic Balance (Profitability),crop_df,
P_CostsBenefits,P,Economic Balance (Profitability),price_df,
P_CPestConLab,P,Economic Balance (Profitability),zone_df,
P_CPestConLabour,P,Economic Balance (Profitability),,
P_CPestConLabZn,P,Economic Balance (Profitability),zone_df,
P_CPestContPrice,P,Economic Balance (Profitability),price_df,
P_CPlantLab,P,Economic Balance (Profitability),zone_df,
P_CPlantLabour,P,Economic Balance (Profitability),,
P_CPlantLabourZn,P,Economic Balance (Profitability),zone_df,
P_CReturn,P,Economic Balance (Profitability),price_df,
P_CReturnAvg,P,Economic Balance (Profitability),price_df,
P_CReturnInc,P,Economic Balance (Profitability),price_df,
P_CReturnperType,P,Economic Balance (Profitability),cropprice_df,
P_CReturnTot,P,Economic Balance (Profitability),price_df,
P_CropHarvest,P,Economic Balance (Profitability),,
P_CropHarvMarker,P,Economic Balance (Profitability),,
P_CumLabUse,P,Economic Balance (Profitability),,
P_CurrCropBenefitFlow,P,Economic Balance (Profitability),,
P_CurrentCropCB,P,Economic Balance (Profitability),,
P_CWeedLab,P,Economic Balance (Profitability),zone_df,
P_CWeedLabour,P,Economic Balance (Profitability),,
P_CWeedLabZn,P,Economic Balance (Profitability),zone_df,
P_CYieldPrice,P,Economic Balance (Profitability),zoneprice_df,
P_DayAfterCropharv,P,Economic Balance (Profitability),,
P_DayLabUse,P,Economic Balance (Profitability),,
P_DiscountRate,P,Economic Balance (Profitability),,
P_ExtOrg,P,Economic Balance (Profitability),inpprice_df,
P_FenceMatCost,P,Economic Balance (Profitability),price_df,
P_FlagCSet,P,Economic Balance (Profitability),,
P_FlagPrevCropOK_is,P,Economic Balance (Profitability),,
P_GenCosts,P,Economic Balance (Profitability),price_df,
P_GenCostsInc,P,Economic Balance (Profitability),price_df,
P_GeneralCosts,P,Economic Balance (Profitability),price_df,
P_NPV,P,Economic Balance (Profitability),price_df,
P_PrevCropOK_is,P,Economic Balance (Profitability),,
P_PriceCSeed,P,Economic Balance (Profitability),zoneprice_df,
P_PriceFert,P,Economic Balance (Profitability),nutprice_df,
P_ProfitRecCrop,P,Economic Balance (Profitability),,
P_StockZoneLayer,P,Economic Balance (Profitability),zonelayer_df,
P_TCost,P,Economic Balance (Profitability),price_df,
P_TCostInp,P,Economic Balance (Profitability),price_df,
P_TCostLab,P,Economic Balance (Profitability),price_df,
P_TCostsInc,P,Economic Balance (Profitability),price_df,
P_TCostsTot,P,Economic Balance (Profitability),price_df,
P_TFertLab,P,Economic Balance (Profitability),tree_df,
P_TFertLabour,P,Economic Balance (Profitability),,
P_TFertLabourperTree,P,Economic Balance (Profitability),tree_df,
P_TFreshFruitLabourTree,P,Economic Balance (Profitability),tree_df,
P_TFreshLatex,P,Economic Balance (Profitability),tree_df,
P_TFruitHarvLab,P,Economic Balance (Profitability),tree_df,
P_TFruitHarvLabour,P,Economic Balance (Profitability),,
P_TFruitPrice,P,Economic Balance (Profitability),treeprice_df,
P_TLatexHarvLab,P,Economic Balance (Profitability),tree_df,
P_TLatexHarvLabour,P,Economic Balance (Profitability),,
P_TLatexHarvLabourTree,P,Economic Balance (Profitability),tree_df,
P_TLatexPrice,P,Economic Balance (Profitability),treeprice_df,
P_TPlantLab,P,Economic Balance (Profitability),tree_df,
P_TPlantLabour,P,Economic Balance (Profitability),,
P_TPlantLabourTree,P,Economic Balance (Profitability),tree_df,
P_TPrunLab,P,Economic Balance (Profitability),tree_df,
P_TPrunLabour,P,Economic Balance (Profitability),,
P_TPrunLabourTree,P,Economic Balance (Profitability),tree_df,
P_TPrunNo,P,Economic Balance (Profitability),treepcomp_df,
P_TPrunNoInc,P,Economic Balance (Profitability),treepcomp_df,
P_TPrunPrice,P,Economic Balance (Profitability),treeprice_df,
P_TReturn,P,Economic Balance (Profitability),price_df,
P_TReturnFruit,P,Economic Balance (Profitability),price_df,
P_TReturnInc,P,Economic Balance (Profitability),price_df,
P_TReturnLatex,P,Economic Balance (Profitability),price_df,
P_TReturnPrun,P,Economic Balance (Profitability),price_df,
P_TReturnTot,P,Economic Balance (Profitability),price_df,
P_TReturnWood,P,Economic Balance (Profitability),price_df,
P_TSeedPrice,P,Economic Balance (Profitability),treeprice_df,
P_TSeedPriceInp,P,Economic Balance (Profitability),treeprice_df,
P_TWoodHarvLab,P,Economic Balance (Profitability),tree_df,
P_TWoodHarvLabour,P,Economic Balance (Profitability),,
P_TWoodHarvLabourTree,P,Economic Balance (Profitability),tree_df,
P_TWoodPrice,P,Economic Balance (Profitability),treeprice_df,
P_UnitLabCost,P,Economic Balance (Profitability),price_df,
P_WeedPestTime,P,Economic Balance (Profitability),zone_df,
PD_CFrugConst,PD,Pest & Disease,zone_df,
PD_CFrugImp,PD,Pest & Disease,zoneanimal_df,
PD_CFrugiVFrac,PD,Pest & Disease,zone_df,
PD_ChangeAnPop,PD,Pest & Disease,animal_df,
PD_CHerbConst,PD,Pest & Disease,zone_df,
PD_CHerbImp,PD,Pest & Disease,zoneanimal_df,
PD_CHerbVFrac,PD,Pest & Disease,zone_df,
PD_CRhizConst,PD,Pest & Disease,zone_df,
PD_CRhizImp,PD,Pest & Disease,zoneanimal_df,
PD_CRhizoVFrac,PD,Pest & Disease,zone_df,
PD_CropsEaten_is,PD,Pest & Disease,zoneanimal_df,
PD_FenceBuildDoY,PD,Pest & Disease,,
PD_FenceBuildEvent,PD,Pest & Disease,,
PD_FenceBuilding,PD,Pest & Disease,,
PD_FenceBuildLab,PD,Pest & Disease,,
PD_FenceBuildLabSeq,PD,Pest & Disease,,
PD_FenceBuildY,PD,Pest & Disease,,
PD_FenceDecay,PD,Pest & Disease,,
PD_FenceMatUsed,PD,Pest & Disease,price_df,
PD_FencePast,PD,Pest & Disease,,
PD_FenceQ,PD,Pest & Disease,,
PD_FenceTime,PD,Pest & Disease,,
PD_NastiesinPlot,PD,Pest & Disease,animal_df,
PD_TEatenBy_is,PD,Pest & Disease,treeanimal_df,
PD_TFrugImp,PD,Pest & Disease,treeanimal_df,
PD_TFrugVFrac,PD,Pest & Disease,tree_df,
PD_THerbImp,PD,Pest & Disease,treeanimal_df,
PD_THerbVFrac,PD,Pest & Disease,tree_df,
PD_TLigVFrac,PD,Pest & Disease,tree_df,
PD_TRhizImp,PD,Pest & Disease,treeanimal_df,
PD_TRhizVFrac,PD,Pest & Disease,tree_df,
PDTLigImp,PD,Pest & Disease,treeanimal_df,
Rain,RAIN,Rainfall,,Yes
RAIN_AnaerInd,RAIN,Rainfall,zone_df,
RAIN_AnaerIndCh,RAIN,Rainfall,zone_df,
RAIN_CanopyWater,RAIN,Rainfall,zone_df,
RAIN_Cum,RAIN,Rainfall,,Yes
RAIN_CumWet,RAIN,Rainfall,,
RAIN_Data,RAIN,Rainfall,,
RAIN_DayProp,RAIN,Rainfall,,
RAIN_DaysIn,RAIN,Rainfall,,
RAIN_DoY,RAIN,Rainfall,,
RAIN_Duration,RAIN,Rainfall,,
RAIN_EventRunoff,RAIN,Rainfall,zone_df,
RAIN_FracDayWet,RAIN,Rainfall,zone_df,
RAIN_fRandom,RAIN,Rainfall,,
RAIN_fTable,RAIN,Rainfall,,
RAIN_In,RAIN,Rainfall,zone_df,
RAIN_Inf,RAIN,Rainfall,layer_df,
RAIN_InfConstr,RAIN,Rainfall,zone_df,
RAIN_InfilAct,RAIN,Rainfall,,
RAIN_Infiltr,RAIN,Rainfall,zone_df,
RAIN_IntercDelay,RAIN,Rainfall,zone_df,
RAIN_InterceptEvap,RAIN,Rainfall,zone_df,
RAIN_InterceptEvapAvg,RAIN,Rainfall,,
RAIN_Interception,RAIN,Rainfall,zone_df,
RAIN_InterceptionAvg,RAIN,Rainfall,,
RAIN_IntercEvapCum,RAIN,Rainfall,,
RAIN_MeanDailyon,RAIN,Rainfall,,
RAIN_MonthTot,RAIN,Rainfall,,
RAIN_Numberof,RAIN,Rainfall,,
RAIN_Pattern,RAIN,Rainfall,,
RAIN_Pattern,RAIN,Rainfall,,
RAIN_PatternMonthlyMean,RAIN,Rainfall,,
RAIN_ProbabilityofDry,RAIN,Rainfall,,
RAIN_Random,RAIN,Rainfall,,
RAIN_RelWet,RAIN,Rainfall,,
RAIN_RunOff,RAIN,Rainfall,,
RAIN_RunOff,RAIN,Rainfall,layer_df,
RAIN_RunOffZn,RAIN,Rainfall,zone_df,
RAIN_RunOn,RAIN,Rainfall,,
RAIN_SurfPondDelay,RAIN,Rainfall,zone_df,
RAIN_TimeAvForInf,RAIN,Rainfall,zone_df,
RAIN_Today_is,RAIN,Rainfall,,
RAIN_TotCovFrac,RAIN,Rainfall,zone_df,
RAIN_Type,RAIN,Rainfall,,
RAIN_WatStorCap,RAIN,Rainfall,zone_df,
RAIN_WatStorTTot,RAIN,Rainfall,zone_df,
RAIN_WeightAct,RAIN,Rainfall,zone_df,
RAIN_WeightTot,RAIN,Rainfall,,
RAIN_Wet,RAIN,Rainfall,,
RAIN_Yesterday_is,RAIN,Rainfall,,
RAIN_YesterdayF,RAIN,Rainfall,,
RT3_AllocDown,RT3,Root (Type 3 Model),zonelayertree_df,
RT3_AllocUpw,RT3,Root (Type 3 Model),zonelayertree_df,
RT3_AllocWithin,RT3,Root (Type 3 Model),zonelayertree_df,
RT3_AvgNutUptperRoot,RT3,Root (Type 3 Model),treenut_df,
RT3_AvgWUptperRoot,RT3,Root (Type 3 Model),tree_df,
RT3_Beta,RT3,Root (Type 3 Model),zonelayertree_df,
RT_C,RT,Root,zonelayer_df,
RT_C,RT,Root,zonelayer_df,
RT_CAmount,RT,Root,zonelayer_df,
RT_CDecDepth,RT,Root,zone_df,
RT_CDecDepthAct,RT,Root,zone_df,
RT_CDecDepthC,RT,Root,zone_df,
RT_CDecDepthD,RT,Root,zone_df,
RT_CDecDepthInc,RT,Root,zone_df,
RT_CDistResp,RT,Root,zone_df,
RT_CHalfLifeCurr,RT,Root,zone_df,
RT3_Check,RT3,Root (Type 3 Model),tree_df,
RT_CLraC,RT,Root,zone_df,
RT_CLraCurr,RT,Root,zone_df,
RT_CLraDyn,RT,Root,zone_df,
RT_CLrv,RT,Root,zonelayer_df,
RT_CLrvExp,RT,Root,zonelayer_df,
RT_CLrvM,RT,Root,zonelayer_df,
RT_CLrvMCurr,RT,Root,zonelayer_df,
RT_CLrvMinM,RT,Root,zonelayer_df,
RT_CLrvt,RT,Root,zone_df,
RT3_CoarseRt,RT3,Root (Type 3 Model),tree_df,
RT_CParasitFrac,RT,Root,zone_df,
RT3_CR,RT3,Root (Type 3 Model),tree_df,
RT3_CRdecay,RT3,Root (Type 3 Model),tree_df,
RT_CRelChange,RT,Root,zone_df,
RT3_CRfraction,RT3,Root (Type 3 Model),tree_df,
RT3_CRincr,RT3,Root (Type 3 Model),tree_df,
RT_CRtAllocRespCurr,RT,Root,zone_df,
RT3_CRTarget,RT3,Root (Type 3 Model),tree_df,
RT_CSRLCurr,RT,Root,zone_df,
RT_CUptRel,RT,Root,zone_df,
RT3_CurrentStress,RT3,Root (Type 3 Model),tree_df,
RT3_DecFrac,RT3,Root (Type 3 Model),zonelayertree_df,
RT_Depth,RT,Root,zonelayer_df,
RT_Depth,RT,Root,,
RT3_DepthWidthRatio,RT3,Root (Type 3 Model),zonelayer_df,
RT3_DepthZone,RT3,Root (Type 3 Model),zonelayer_df,
RT_Diam,RT,Root,zonelayer_df,
RT_Diam,RT,Root,zonelayer_df,
RT_Diam,RT,Root,zonelayer_df,
RT_Diam,RT,Root,zonelayer_df,
RT3_FineRootInc,RT3,Root (Type 3 Model),tree_df,
RT3_FRAlloc,RT3,Root (Type 3 Model),zonelayertree_df,
RT3_FRBiomass,RT3,Root (Type 3 Model),tree_df,
RT_GMS,RT,Root,zonelayer_df,
RT_GMW,RT,Root,zonelayer_df,
RT_GS,RT,Root,zonelayer_df,
RT_GW,RT,Root,zonelayer_df,
RT3_LamHor,RT3,Root (Type 3 Model),zonelayertree_df,
RT_LFRLength,RT,Root,zonelayertree_df,
RT3_LFRtGr,RT3,Root (Type 3 Model),zonelayertree_df,
RT3_LFRtMort,RT3,Root (Type 3 Model),zonelayertree_df,
RT3_LN,RT3,Root (Type 3 Model),zonelayertree_df,
RT3_LP,RT3,Root (Type 3 Model),zonelayertree_df,
RT3_LRelUptperLrv,RT3,Root (Type 3 Model),zonelayertree_df,
RT3_LRtExp_is,RT3,Root (Type 3 Model),zonelayertree_df,
RT3_LRV,RT3,Root (Type 3 Model),zonelayertree_df,
RT3_LrvDepth,RT3,Root (Type 3 Model),zonelayertree_df,
RT_LrvMS,RT,Root,zonelayer_df,
RT_LrvMW,RT,Root,zonelayer_df,
RT_LrvS,RT,Root,zonelayer_df,
RT_LrvW,RT,Root,zonelayer_df,
RT3_LW,RT3,Root (Type 3 Model),zonelayertree_df,
RT3_RelUptTot,RT3,Root (Type 3 Model),tree_df,
RT3_RelUptWL,RT3,Root (Type 3 Model),zonelayertree_df,
RT_Rho,RT,Root,zonelayer_df,
RT_Rho,RT,Root,zonelayer_df,
RT_Rho,RT,Root,zonelayer_df,
RT_Rho,RT,Root,zonelayer_df,
RT_RhoCL,RT,Root,zonelayer_df,
RT_RhoTL,RT,Root,zonelayertree_df,
RT_RhoTot,RT,Root,zonelayer_df,
RT3_RtAllocTot,RT3,Root (Type 3 Model),tree_df,
RT_StopGap,RT,Root,,
RT3_SumTransp,RT3,Root (Type 3 Model),zonelayertree_df,
RT_T,RT,Root,zonelayertree_df,
RT_T,RT,Root,tree_df,
RT_T,RT,Root,zonelayertree_df,
RT_TAlloc,RT,Root,tree_df,
RT_TAllocResp,RT,Root,tree_df,
RT_TAmount,RT,Root,zonelayertree_df,
RT_TAmountH,RT,Root,zonetree_df,
RT_TAmountHTree,RT,Root,tree_df,
RT_TAmountPerTree,RT,Root,tree_df,
RT_TAmountV,RT,Root,layertree_df,
RT_TC,RT,Root,zonelayer_df,
RT_TCDiam,RT,Root,zonelayer_df,
RT_TDecDepthAct,RT,Root,tree_df,
RT_TDecDepthActInitPlantTree,RT,Root,tree_df,
RT_TDecDepthC,RT,Root,tree_df,
RT_TDecDepthD,RT,Root,tree_df,
RT_TDecDepthInc,RT,Root,tree_df,
RT_TDiam,RT,Root,tree_df,
RT_TDistResp,RT,Root,tree_df,
RT_TDistShapeAct,RT,Root,tree_df,
RT_TDistShapeActInitPlantTime,RT,Root,tree_df,
RT_TDistShapeC,RT,Root,tree_df,
RT_TDistShapeD,RT,Root,tree_df,
RT_TDistShapeInc,RT,Root,tree_df,
RT_TField,RT,Root,tree_df,
RT_TLra,RT,Root,zonetree_df,
RT_TLraCD,RT,Root,tree_df,
RT_TLraX,RT,Root,tree_df,
RT_TlraXCurr,RT,Root,tree_df,
RT_TLraXD,RT,Root,tree_df,
RT_TLrv,RT,Root,zonelayertree_df,
RT_TLrvEff,RT,Root,zonelayertree_df,
RT_TLrvEllip,RT,Root,zonelayertree_df,
RT_TLrvEllipAct,RT,Root,zonelayertree_df,
RT_TLrvL,RT,Root,zonelayertree_df,
RT_TLrvM,RT,Root,zonelayertree_df,
RT_TLrvMinM,RT,Root,zonelayertree_df,
RT_TParasitFrac,RT,Root,zonetree_df,
RT_TPresence,RT,Root,tree_df,
RT_TProxGini,RT,Root,tree_df,
RT_TRelChangeH,RT,Root,tree_df,
RT_TRelChangeV,RT,Root,tree_df,
RT_TRhizVol,RT,Root,zonelayertree_df,
RT_TSpecrolT,RT,Root,zonelayertree_df,
RT_TSRL,RT,Root,tree_df,
RT_TTotLength,RT,Root,tree_df,
RT_TUptRelH,RT,Root,tree_df,
RT_TUptRelV,RT,Root,tree_df,
RT3_Voxel,RT3,Root (Type 3 Model),zonetree_df,
RT3_VoxHorExp,RT3,Root (Type 3 Model),zonelayertree_df,
RT3_VoxTreeDist,RT3,Root (Type 3 Model),zonelayertree_df,
RT3_VoxVol,RT3,Root (Type 3 Model),zonelayer_df,
RT_ZoneLeft,RT,Root,zone_df,
RT_ZoneRight,RT,Root,zone_df,
SB_AerosolFrac,SB,Slash & Burn,zone_df,
SB_AerosolProd,SB,Slash & Burn,zone_df,
SB_Ash,SB,Slash & Burn,zone_df,
SB_BurntWood,SB,Slash & Burn,zonepcomp_df,
SB_DeadWood,SB,Slash & Burn,zonepcomp_df,
SB_DeadWoodBurnFrac,SB,Slash & Burn,zone_df,
SB_DeadWoodIncr,SB,Slash & Burn,zonepcomp_df,
SB_DeadWoodLitTransfer,SB,Slash & Burn,zonepcomp_df,
SB_DWlossfromBurn,SB,Slash & Burn,zone_df,
SB_FCch,SB,Slash & Burn,zone_df,
SB_FineNecromass,SB,Slash & Burn,zonepcomp_df,
SB_Fire_is,SB,Slash & Burn,,
SB_FireImpWatRet,SB,Slash & Burn,zone_df,
SB_FireTempIncSurf,SB,Slash & Burn,zone_df,
SB_FireTempIncTopSoil,SB,Slash & Burn,zone_df,
SB_FireTime_is,SB,Slash & Burn,,
SB_FirEvapSW,SB,Slash & Burn,zone_df,
SB_FirImpPsorption,SB,Slash & Burn,zone_df,
SB_FirIndPmobiliz,SB,Slash & Burn,zone_df,
SB_FirMortSeedBank,SB,Slash & Burn,zone_df,
SB_FirTreeMort_is,SB,Slash & Burn,tree_df,
SB_HazeFromSlash,SB,Slash & Burn,zonepcomp_df,
SB_HazeFromWood,SB,Slash & Burn,zonepcomp_df,
SB_IsSlashDry_is,SB,Slash & Burn,zone_df,
SB_MinNutRel,SB,Slash & Burn,zonepcomp_df,
SB_MinNutRele,SB,Slash & Burn,zonepcomp_df,
SB_NecroBurnFrac,SB,Slash & Burn,zone_df,
SB_NecroFNutVolat,SB,Slash & Burn,zonepcomp_df,
SB_NecromasNP,SB,Slash & Burn,zonenut_df,
SB_NecromassBurn,SB,Slash & Burn,zonepcomp_df,
SB_NecromLitTransf,SB,Slash & Burn,zonepcomp_df,
SB_NutVolatFrac,SB,Slash & Burn,zonepcomp_df,
SB_Nutvolatilized,SB,Slash & Burn,zonepcomp_df,
SB_NVolatFrac,SB,Slash & Burn,zone_df,
SB_PastSlashEvents,SB,Slash & Burn,tree_df,
SB_pH,SB,Slash & Burn,zone_df,
SB_pHmodPsorp,SB,Slash & Burn,zone_df,
SB_PileSum,SB,Slash & Burn,,
SB_PileUpT_is,SB,Slash & Burn,,
SB_PSorpCh,SB,Slash & Burn,zone_df,
SB_PsorpModifier,SB,Slash & Burn,zone_df,
SB_PVolatFrac,SB,Slash & Burn,zone_df,
SB_RelPileUp,SB,Slash & Burn,zone_df,
SB_RelPSorption,SB,Slash & Burn,zone_df,
SB_ScorchedWoodRem,SB,Slash & Burn,zonepcomp_df,
SB_ScorchWoodRemoved,SB,Slash & Burn,zonepcomp_df,
SB_ScorchWoodRemTime_is,SB,Slash & Burn,,
SB_SecondFire_is,SB,Slash & Burn,,
SB_SlashDOY,SB,Slash & Burn,tree_df,
SB_SlashMoist,SB,Slash & Burn,zone_df,
SB_SlashSequence,SB,Slash & Burn,tree_df,
SB_SlashTime,SB,Slash & Burn,tree_df,
SB_SlashVegetation,SB,Slash & Burn,zonepcomp_df,
SB_SlashYear,SB,Slash & Burn,tree_df,
SB_SOMBurnFrac,SB,Slash & Burn,zone_df,
SB_SPileUp,SB,Slash & Burn,zonepcomp_df,
SB_SurfLitBurnFrac,SB,Slash & Burn,zone_df,
SB_Topsoil,SB,Slash & Burn,zone_df,
SB_TTempTol,SB,Slash & Burn,tree_df,
SB_WatRetentionMod,SB,Slash & Burn,zone_df,
SB_WoodFNutMin,SB,Slash & Burn,zonepcomp_df,
SB_WoodFNutVolat,SB,Slash & Burn,zonepcomp_df,
SB_WoodMoist,SB,Slash & Burn,zone_df,
SB_WPileUp,SB,Slash & Burn,zonepcomp_df,
S_BDActOverBDRefInfiltr,S,Soil Physical Properties,zone_df,
S_BDActOverBDRefKsatV,S,Soil Physical Properties,zonelayer_df,
S_BDModifierInfiltr,S,Soil Physical Properties,zone_df,
S_BDModifierKsatV,S,Soil Physical Properties,zonelayer_df,
S_C,S,Soil Physical Properties,zonelayer_df,
S_KsatDefV,S,Soil Physical Properties,zonelayer_df,
S_KsatInitV,S,Soil Physical Properties,zonelayer_df,
S_KsatVAct,S,Soil Physical Properties,zonelayer_df,
S_LFoodForWorms,S,Soil Physical Properties,zone_df,
S_RelBD,S,Soil Physical Properties,zonelayer_df,
S_SOMFoodForWorms,S,Soil Physical Properties,zonelayer_df,
S_SurfInfiltrAct,S,Soil Physical Properties,zone_df,
S_T,S,Soil Physical Properties,zonelayer_df,
S_TC,S,Soil Physical Properties,zonelayer_df,
S_WormAct,S,Soil Physical Properties,zonelayer_df,
S_WormActSurf,S,Soil Physical Properties,zone_df,
T_ApplyFBA_is,T,Tree Growth,tree_df,
T_ApplyPalm_is,T,Tree Growth,tree_df,
T_AreaperTree,T,Tree Growth,tree_df,
T_BarkThickness,T,Tree Growth,,
T_Biom,T,Tree Growth,treepcomp_df,Yes
T_BiomAG,T,Tree Growth,treepcomp_df,Yes
T_BiomassSlashed,T,Tree Growth,pcomp_df,
T_BiomCumTot,T,Tree Growth,tree_df,
T_CanBiomInc,T,Tree Growth,treepcomp_df,
T_CanBiomIni,T,Tree Growth,treepcomp_df,
T_CanBiomSlashed,T,Tree Growth,treepcomp_df,
T_CanBiomTimHarv,T,Tree Growth,treepcomp_df,
T_CanBionTimCum,T,Tree Growth,treepcomp_df,
T_CanH,T,Tree Growth,tree_df,Yes table
T_CanHMax,T,Tree Growth,tree_df,
T_CanInit,T,Tree Growth,treepcomp_df,
T_CanLow,T,Tree Growth,tree_df,
T_CanShape,T,Tree Growth,tree_df,
T_CanTargConc,T,Tree Growth,treepcomp_df,
T_CanUp,T,Tree Growth,tree_df,
T_CanUpZn,T,Tree Growth,zonetree_df,
T_CanWidth,T,Tree Growth,tree_df,Yes table
T_CanWidthD,T,Tree Growth,tree_df,
T_CanWidthMax,T,Tree Growth,tree_df,
T_CanWidthMaxRel,T,Tree Growth,tree_df,
T_CanWidthRel,T,Tree Growth,tree_df,
T_CBSlashCum,T,Tree Growth,treepcomp_df,
T_ChExpRettoLabour,T,Tree Growth,tree_df,
T_Compl,T,Tree Growth,tree_df,
T_CropinField_is,T,Tree Growth,,
T_CropinZone_is,T,Tree Growth,zone_df,
T_CumLatexYieldkgper,T,Tree Growth,tree_df,
T_CumLatexYieldkgperha,T,Tree Growth,tree_df,
T_CumLatexYieldkgperm,T,Tree Growth,tree_df,
T_CumLim,T,Tree Growth,treelimit_df,
T_CumLitTarget,T,Tree Growth,tree_df,
T_CumRtTypeDecay,T,Tree Growth,treepcomp_df,
T_CumWatStress,T,Tree Growth,tree_df,
T_CurLimFac,T,Tree Growth,treelimit_df,
T_DayofYear,T,Tree Growth,,
T_DelWatStress,T,Tree Growth,tree_df,
T_DiamBiom,T,Tree Growth,tree_df,
T_DiamBranch,T,Tree Growth,tree_df,
T_DiamCumLit,T,Tree Growth,tree_df,
T_DiamHeartWoodTDies,T,Tree Growth,tree_df,
T_DiamLfTwig,T,Tree Growth,tree_df,
T_DiamRtLeng,T,Tree Growth,tree_df,
T_DiamRtWght,T,Tree Growth,tree_df,
T_DiamSapWoodTreeDies,T,Tree Growth,tree_df,
T_DiamSlopeBiom,T,Tree Growth,tree_df,
T_DiamSlopeBranch,T,Tree Growth,tree_df,
T_DiamSlopeCumLit,T,Tree Growth,tree_df,
T_DiamSlopeLfTwig,T,Tree Growth,tree_df,
T_DiamSlopeRtLeng,T,Tree Growth,tree_df,
T_DiamSlopeRtWght,T,Tree Growth,tree_df,
T_DiesToday_is,T,Tree Growth,tree_df,
T_DOY,T,Tree Growth,,
T_DOYFlwBeg,T,Tree Growth,tree_df,
T_DOYFlwEnd,T,Tree Growth,tree_df,
T_DynTappingFrac,T,Tree Growth,,
T_ExpRetToLab,T,Tree Growth,tree_df,
T_FBALitFal,T,Tree Growth,tree_df,
T_FracLim,T,Tree Growth,treelimit_df,
T_FreshFruitHarv,T,Tree Growth,tree_df,
T_FreshPrun,T,Tree Growth,tree_df,
T_FreshPrunHarvInc,T,Tree Growth,tree_df,
T_FreshWoodHarv,T,Tree Growth,tree_df,
T_Frug,T,Tree Growth,treepcomp_df,
T_Fruit,T,Tree Growth,treepcomp_df,
T_FruitAllocDyn,T,Tree Growth,,
T_FruitAllocStage,T,Tree Growth,tree_df,
T_FruitConc,T,Tree Growth,treepcomp_df,
T_FruitCum,T,Tree Growth,treepcomp_df,
T_FruitHarvFracHeight,T,Tree Growth,tree_df,
T_FruitHarvInc,T,Tree Growth,treepcomp_df,
T_FruitInc,T,Tree Growth,treepcomp_df,
T_FruitSlashed,T,Tree Growth,treepcomp_df,
T_GenLitStage,T,Tree Growth,tree_df,
T_GirthMax,T,Tree Growth,tree_df,
T_GirthMinforTappingcm,T,Tree Growth,,
T_GraphLeafFall,T,Tree Growth,tree_df,
T_GroInit,T,Tree Growth,treepcomp_df,
T_GroMax,T,Tree Growth,tree_df,
T_GroRes,T,Tree Growth,treepcomp_df,Yes
T_GroResConc,T,Tree Growth,treepcomp_df,
T_GroResConcAct,T,Tree Growth,treenut_df,
T_GroResFrac,T,Tree Growth,tree_df,
T_GroResInc,T,Tree Growth,treepcomp_df,
T_GroResLoss,T,Tree Growth,treepcomp_df,
T_GroResLossCum,T,Tree Growth,treepcomp_df,
T_GroResStorInc,T,Tree Growth,treepcomp_df,
T_GrowDayAc,T,Tree Growth,tree_df,
T_GrowDays,T,Tree Growth,tree_df,
T_GrowsToday_is,T,Tree Growth,tree_df,
T_GrowStor,T,Tree Growth,treepcomp_df,
T_GrowthAlloc,T,Tree Growth,tree_df,
T_HeartWood,T,Tree Growth,treepcomp_df,
T_HeartWoodDiam,T,Tree Growth,tree_df,
T_HeartWoodDiamInc,T,Tree Growth,tree_df,
T_HeartWoodInc,T,Tree Growth,treepcomp_df,
T_Height,T,Tree Growth,tree_df,
T_Herbivory,T,Tree Growth,treepcomp_df,
T_HydEqFluxes,T,Tree Growth,tree_df,
T_InitiatePanel,T,Tree Growth,tree_df,
T_InitStage,T,Tree Growth,tree_df,
T_KillTime,T,Tree Growth,tree_df,
T_klight,T,Tree Growth,tree_df,
T_LAI,T,Tree Growth,tree_df,
T_LAICan,T,Tree Growth,tree_df,
T_LAIcropzoneTot,T,Tree Growth,,
T_LAIEff,T,Tree Growth,zonetree_df,
T_LAIMax,T,Tree Growth,tree_df,
T_LAIMin,T,Tree Growth,tree_df,
T_LAIMinMaxRatio,T,Tree Growth,tree_df,
T_LAINecrCh,T,Tree Growth,zone_df,
T_LatexFormAlloc,T,Tree Growth,treepcomp_df,
T_LatexFormation,T,Tree Growth,treepcomp_df,
T_LatexHarvestIndex,T,Tree Growth,treepcomp_df,
T_LatexkgperhaperDayofWork,T,Tree Growth,tree_df,
T_LatexPotProd,T,Tree Growth,,
T_LatexStock,T,Tree Growth,treepcomp_df,
T_LeafAgeTurnover,T,Tree Growth,tree_df,
T_LeafFlush_is,T,Tree Growth,tree_df,
T_LeavesPotFormed_is,T,Tree Growth,tree_df,
T_LeavesPotPresent_is,T,Tree Growth,tree_df,
T_LfConc,T,Tree Growth,treepcomp_df,
T_LfTwig,T,Tree Growth,treepcomp_df,Yes
T_LfTwigConcAct,T,Tree Growth,treenut_df,
T_LfTwMulch,T,Tree Growth,zonetree_df,
T_LifallConcAct,T,Tree Growth,treenut_df,
T_LifallCum,T,Tree Growth,treepcomp_df,
T_LifallDroughtFrac,T,Tree Growth,tree_df,
T_LifallInc,T,Tree Growth,treepcomp_df,Yes
T_LifallIncZnTree,T,Tree Growth,zonetree_df,
T_LifallRed,T,Tree Growth,treepcomp_df,
T_LifallRedFac,T,Tree Growth,treepcomp_df,
T_LiFallThreshWStress,T,Tree Growth,tree_df,
T_LifallTreeDies,T,Tree Growth,treepcomp_df,
T_LifallWeightTot,T,Tree Growth,zonetree_df,
T_LifallWtAct,T,Tree Growth,zonetree_df,
T_Light,T,Tree Growth,tree_df,Yes
T_LightPosGrow,T,Tree Growth,tree_df,
T_LignLifall,T,Tree Growth,tree_df,
T_Lignovory,T,Tree Growth,treepcomp_df,
T_LignPrun,T,Tree Growth,tree_df,
T_LignRt,T,Tree Growth,tree_df,
T_LitFalFracDrought,T,Tree Growth,tree_df,
T_LitFalFracShade,T,Tree Growth,tree_df,
T_LvsFormed_is,T,Tree Growth,tree_df,
T_LWR,T,Tree Growth,tree_df,
T_MaintResp,T,Tree Growth,treepcomp_df,
T_ModifiedDynTappingFrac,T,Tree Growth,,
T_MRespCan,T,Tree Growth,tree_df,
T_MRespLatex,T,Tree Growth,tree_df,
T_MRespWood,T,Tree Growth,tree_df,
T_MycMaxInf,T,Tree Growth,tree_df,
T_NBiom,T,Tree Growth,treenut_df,Yes
T_NDeficit,T,Tree Growth,treenut_df,
T_NDemand,T,Tree Growth,treenut_df,
T_NDemandAll,T,Tree Growth,nut_df,Yes
T_NFix,T,Tree Growth,treenut_df,
T_NFixDayFrac,T,Tree Growth,tree_df,
T_NFixDWMaxFrac,T,Tree Growth,tree_df,
T_NFixDWUnitCost,T,Tree Growth,tree_df,
T_NFixResp,T,Tree Growth,tree_df,
T_NFixVariable_is,T,Tree Growth,tree_df,
T_NLifallInc,T,Tree Growth,treenut_df,
T_NNDemandZn,T,Tree Growth,zonetree_df,
T_NNUptDeno,T,Tree Growth,tree_df,
T_NNUptDenoZn,T,Tree Growth,zonetree_df,
T_NNUptPot,T,Tree Growth,tree_df,
T_NNUptPotZn,T,Tree Growth,zonetree_df,
T_NPDemandZn,T,Tree Growth,zonetree_df,
T_NPosgro,T,Tree Growth,treenut_df,Yes
T_NPrunMulch,T,Tree Growth,treenut_df,
T_NPUptDeno,T,Tree Growth,tree_df,
T_NPUptDenoZn,T,Tree Growth,zonetree_df,
T_NPUptPot,T,Tree Growth,tree_df,
T_NTarget,T,Tree Growth,treenut_df,
T_NTargetCan,T,Tree Growth,treenut_df,
T_NTargetNbiomRatio,T,Tree Growth,treenut_df,
T_NTargetNonCan,T,Tree Growth,treenut_df,
T_NTUptZn,T,Tree Growth,zonetreenut_df,
T_NUpt,T,Tree Growth,layertreenut_df,
T_NUptPotAll,T,Tree Growth,nut_df,Yes
T_NUptRelH,T,Tree Growth,treenut_df,
T_NUptRelV,T,Tree Growth,layertreenut_df,
T_NUptTot,T,Tree Growth,treenut_df,
T_NUptTotAll,T,Tree Growth,nut_df,Yes
T_NUptTree,T,Tree Growth,treenut_df,
T_NutMob,T,Tree Growth,treenut_df,
T_PanelAlreadyInitiated_is,T,Tree Growth,tree_df,
T_PanelAvailable,T,Tree Growth,tree_df,
T_PanelQuality,T,Tree Growth,tree_df,
T_PlantDoY,T,Tree Growth,tree_df,
T_PlantTime,T,Tree Growth,tree_df,Yes table
T_PlantY,T,Tree Growth,tree_df,
T_PolypLifall,T,Tree Growth,tree_df,
T_PolypPrun,T,Tree Growth,tree_df,
T_PolypRt,T,Tree Growth,tree_df,
T_PotResUseGrowth,T,Tree Growth,tree_df,
T_PotResUseLatexForm,T,Tree Growth,treepcomp_df,
T_PotSeasLiFall,T,Tree Growth,tree_df,
T_PotSeasLiFallFrac,T,Tree Growth,tree_df,
T_ProxRootSumDiamSq,T,Tree Growth,tree_df,
T_Prun,T,Tree Growth,treepcomp_df,
T_PrunCum,T,Tree Growth,treepcomp_df,Yes
T_PrunCumTreeDies,T,Tree Growth,treepcomp_df,
T_PrunDay,T,Tree Growth,,
T_PrunDoY,T,Tree Growth,,
T_PrunEvent,T,Tree Growth,,
T_PrunFrac,T,Tree Growth,tree_df,
T_PrunFracD,T,Tree Growth,tree_df,
T_PrunFruit,T,Tree Growth,treepcomp_df,
T_PrunHarvCum,T,Tree Growth,treepcomp_df,
T_PrunHarvFracD,T,Tree Growth,tree_df,
T_PrunHarvInc,T,Tree Growth,treepcomp_df,
T_PrunLapse,T,Tree Growth,tree_df,
T_PrunLapseInc,T,Tree Growth,tree_df,
T_PrunMulch,T,Tree Growth,treepcomp_df,
T_PrunPast,T,Tree Growth,,
T_PrunPlant_is,T,Tree Growth,,
T_PrunType_is,T,Tree Growth,,
T_PrunWeighTot,T,Tree Growth,tree_df,
T_PrunWtAct,T,Tree Growth,zonetree_df,
T_PrunY,T,Tree Growth,,
T_PrunZnTree,T,Tree Growth,zonetree_df,
T_RainWStorCap,T,Tree Growth,tree_df,
T_RelCanWidthZn,T,Tree Growth,zonetree_df,
T_RelFruitAllocMax,T,Tree Growth,tree_df,
T_RelLightMaxGr,T,Tree Growth,tree_df,
T_RelPosinZone,T,Tree Growth,tree_df,
T_ReserveFrac,T,Tree Growth,tree_df,
T_RespCum,T,Tree Growth,treepcomp_df,
T_RespforFixF,T,Tree Growth,,
T_Respiration,T,Tree Growth,treepcomp_df,
T_RestDaysperTappingday,T,Tree Growth,,
T_RipeFruitHarvest,T,Tree Growth,treepcomp_df,
T_Root,T,Tree Growth,zonelayertree_df,
T_Root,T,Tree Growth,tree_df,
T_Root,T,Tree Growth,zonetree_df,
T_Root,T,Tree Growth,zonelayertree_df,
T_Root,T,Tree Growth,tree_df,
T_Root,T,Tree Growth,zonelayer_df,
T_Root,T,Tree Growth,zonelayertree_df,
T_Root,T,Tree Growth,zonelayertree_df,
T_Root,T,Tree Growth,zonelayertree_df,
T_Root,T,Tree Growth,zonelayertree_df,
T_Root,T,Tree Growth,zonelayertree_df,
T_Root,T,Tree Growth,zonelayertree_df,
T_RootConductivity,T,Tree Growth,tree_df,
T_RootDecAcc,T,Tree Growth,pcomp_df,
T_RootDecay,T,Tree Growth,treepcomp_df,
T_RootDecCum,T,Tree Growth,pcomp_df,
T_RootInc,T,Tree Growth,treepcomp_df,
T_RootInit,T,Tree Growth,treepcomp_df,
T_RootInp,T,Tree Growth,zonelayer_df,
T_RootNdecay,T,Tree Growth,tree_df,
T_RootNtot,T,Tree Growth,tree_df,
T_RootPlCompTot,T,Tree Growth,treepcomp_df,
T_RootPtot,T,Tree Growth,tree_df,
T_RootTDW,T,Tree Growth,zonelayertree_df,
T_RootTN,T,Tree Growth,zonelayertree_df,
T_RootTP,T,Tree Growth,zonelayertree_df,
T_RtAllocAct,T,Tree Growth,tree_df,
T_RtConc,T,Tree Growth,treepcomp_df,
T_RtDec,T,Tree Growth,zonelayer_df,
T_RtDec,T,Tree Growth,zonelayer_df,
T_RtDec,T,Tree Growth,zonelayer_df,
T_RtDec,T,Tree Growth,zonelayer_df,
T_RtDecDWAll,T,Tree Growth,pcomp_df,
T_RtTypeBiomass,T,Tree Growth,treepcomp_df,
T_RtTypeCumInput,T,Tree Growth,treepcomp_df,
T_RtTypeInput,T,Tree Growth,treepcomp_df,
T_Rubber_is,T,Tree Growth,tree_df,
T_SapWood,T,Tree Growth,treepcomp_df,Yes
T_SapWoodDiam,T,Tree Growth,tree_df,
T_SapWoodEqDiam,T,Tree Growth,tree_df,
T_SecTimePanelAvailable,T,Tree Growth,tree_df,
T_SecTPanelDec,T,Tree Growth,tree_df,
T_SecTPanelInc,T,Tree Growth,tree_df,
T_Sequen,T,Tree Growth,tree_df,
T_SetPanelInitiateFlag,T,Tree Growth,tree_df,
T_SLA,T,Tree Growth,tree_df,
T_SlashLabour,T,Tree Growth,,
T_Stage,T,Tree Growth,treestage_df,
T_StageAftPrun,T,Tree Growth,tree_df,
T_StageInc,T,Tree Growth,treestage_df,
T_StemBefPruning,T,Tree Growth,tree_df,
T_StemBefPruningInc,T,Tree Growth,tree_df,
T_StemDAllom,T,Tree Growth,tree_df,
T_StemDiam,T,Tree Growth,tree_df,Yes
T_StemDiamGrowth,T,Tree Growth,tree_df,
T_StRt,T,Tree Growth,tree_df,
T_TapDaysCum,T,Tree Growth,tree_df,
T_TapDaysInc,T,Tree Growth,tree_df,
T_TappedLatex,T,Tree Growth,treepcomp_df,
T_Tapping,T,Tree Growth,treepcomp_df,
T_Tapping_is,T,Tree Growth,tree_df,
T_TappingDay_is,T,Tree Growth,tree_df,
T_TapThisTree_is,T,Tree Growth,tree_df,
T_TargetCan,T,Tree Growth,treepcomp_df,
T_TargetLatexStock,T,Tree Growth,treepcomp_df,
T_TargetLeafTwig,T,Tree Growth,tree_df,
T_TargetNonCan,T,Tree Growth,treepcomp_df,
T_TargHeartWood,T,Tree Growth,treepcomp_df,
T_Temp,T,Tree Growth,,
T_TempRespMaint,T,Tree Growth,,
T_TimeGenCycle,T,Tree Growth,tree_df,
T_TimeVeg,T,Tree Growth,tree_df,
T_TodayRettoLab,T,Tree Growth,tree_df,
T_TotTappingDays,T,Tree Growth,tree_df,
T_TranspRatio,T,Tree Growth,tree_df,
T_TranspRatioTime,T,Tree Growth,tree_df,
T_TreeinZone_is,T,Tree Growth,zonetree_df,
T_TreesperHa,T,Tree Growth,tree_df,
T_TreeToTheLeft_is,T,Tree Growth,zonetree_df,
T_TreeToTheRight_is,T,Tree Growth,zonetree_df,
T_TRelRtIncrTyp,T,Tree Growth,zonelayertree_df,
T_TwigConc,T,Tree Growth,treepcomp_df,
T_WoodConc,T,Tree Growth,treepcomp_df,
T_WoodConcAct,T,Tree Growth,treenut_df,
T_WoodDens,T,Tree Growth,tree_df,
T_WoodH,T,Tree Growth,tree_df,Yes table
T_WoodHarvCum,T,Tree Growth,treepcomp_df,
T_WoodHarvDay,T,Tree Growth,tree_df,
T_WoodHarvDoY,T,Tree Growth,tree_df,
T_WoodHarvest,T,Tree Growth,treepcomp_df,
T_WoodHarvEvent,T,Tree Growth,tree_df,
T_WoodHarvPast,T,Tree Growth,tree_df,
T_WoodHarvY,T,Tree Growth,tree_df,
T_WoodHCurr,T,Tree Growth,tree_df,
T_WoodHInc,T,Tree Growth,tree_df,
T_WoodInc,T,Tree Growth,treepcomp_df,
T_WoodIni,T,Tree Growth,treepcomp_df,
T_WoodInit,T,Tree Growth,treepcomp_df,
T_WoodSlashed,T,Tree Growth,treepcomp_df,
T_WoodTarget,T,Tree Growth,tree_df,
Temp,TEMP,Temperature,zonelayer_df,
TEMP_AirDailyData,TEMP,Temperature,,
TEMP_DailyPotEvap,TEMP,Temperature,,
TEMP_MonthAvg,TEMP,Temperature,,
TEMP_SoilDailyData,TEMP,Temperature,,
TF_AbRelSizePow,TF,Tree Fruit (Oil Palm),tree_df,
TF_AgeofPalm,TF,Tree Fruit (Oil Palm),tree_df,
TF_BunchGender,TF,Tree Fruit (Oil Palm),treefruit_df,
TF_BunchHarvestDW,TF,Tree Fruit (Oil Palm),tree_df,
TF_BunchNo,TF,Tree Fruit (Oil Palm),tree_df,
TF_BunchNo_is,TF,Tree Fruit (Oil Palm),tree_df,
TF_BunchWeight,TF,Tree Fruit (Oil Palm),treefruit_df,
TF_BunchWeightHarvest,TF,Tree Fruit (Oil Palm),treefruit_df,
TF_BunchWeightIncrAct,TF,Tree Fruit (Oil Palm),treefruit_df,
TF_BunchweightIncrTarget,TF,Tree Fruit (Oil Palm),treefruit_df,
TF_CritFruitWaterPot,TF,Tree Fruit (Oil Palm),tree_df,
TF_CrownRadius,TF,Tree Fruit (Oil Palm),tree_df,
TF_CumBunchNo,TF,Tree Fruit (Oil Palm),tree_df,
TF_CumBunchWeightHarvest,TF,Tree Fruit (Oil Palm),tree_df,
TF_CumDWHarvest,TF,Tree Fruit (Oil Palm),tree_df,
TF_CumFruitsHarvNo,TF,Tree Fruit (Oil Palm),tree_df,
TF_CumFWHarvest,TF,Tree Fruit (Oil Palm),tree_df,
TF_CumOilHarvest,TF,Tree Fruit (Oil Palm),tree_df,
TF_CumOilProd,TF,Tree Fruit (Oil Palm),tree_df,
TF_CurrentLeafNo,TF,Tree Fruit (Oil Palm),tree_df,
TF_DelayedFrond,TF,Tree Fruit (Oil Palm),tree_df,
TF_DevBunches,TF,Tree Fruit (Oil Palm),tree_df,
TF_DMStressChange,TF,Tree Fruit (Oil Palm),tree_df,
TF_DW,TF,Tree Fruit (Oil Palm),tree_df,
TF_DWCostUOil,TF,Tree Fruit (Oil Palm),tree_df,
TF_DWSufficiency,TF,Tree Fruit (Oil Palm),tree_df,
TF_FemBunchFrac,TF,Tree Fruit (Oil Palm),tree_df,
TF_FemSinkperFruit,TF,Tree Fruit (Oil Palm),treefruit_df,
TF_FirstBudtoFlowerInit,TF,Tree Fruit (Oil Palm),tree_df,
TF_ForgetStress,TF,Tree Fruit (Oil Palm),tree_df,
TF_FrondGrowth,TF,Tree Fruit (Oil Palm),tree_df,
TF_FrondHistFrac,TF,Tree Fruit (Oil Palm),tree_df,
TF_FrondLDpetInterc,TF,Tree Fruit (Oil Palm),tree_df,
TF_FrondLDpetPower,TF,Tree Fruit (Oil Palm),tree_df,
TF_FrondLengthStressFac,TF,Tree Fruit (Oil Palm),tree_df,
TF_FrondWDpetInterc,TF,Tree Fruit (Oil Palm),tree_df,
TF_FrondWDpetPower,TF,Tree Fruit (Oil Palm),tree_df,
TF_FruitAbDWLoss,TF,Tree Fruit (Oil Palm),treefruit_df,
TF_FruitCheck,TF,Tree Fruit (Oil Palm),,
TF_FruitDemand,TF,Tree Fruit (Oil Palm),treepcomp_df,
TF_FruitHarvFrac,TF,Tree Fruit (Oil Palm),tree_df,
TF_FruitHarvNoperBunch,TF,Tree Fruit (Oil Palm),treefruit_df,
TF_FruitLitterfall,TF,Tree Fruit (Oil Palm),treefruit_df,
TF_FruitLitterFalloAm,TF,Tree Fruit (Oil Palm),treefruit_df,
TF_FruitNoPassOn,TF,Tree Fruit (Oil Palm),treefruit_df,
TF_FruitNumbLoss,TF,Tree Fruit (Oil Palm),treefruit_df,
TF_FruitsperBunch,TF,Tree Fruit (Oil Palm),treefruit_df,
TF_FruitWaterPot,TF,Tree Fruit (Oil Palm),tree_df,
TF_Full,TF,Tree Fruit (Oil Palm),tree_df,
TF_GenderPassOn,TF,Tree Fruit (Oil Palm),treefruit_df,
TF_Herbivory,TF,Tree Fruit (Oil Palm),tree_df,
TF_InitFruitspBunch,TF,Tree Fruit (Oil Palm),tree_df,
TF_LeafClockTicks_is,TF,Tree Fruit (Oil Palm),tree_df,
TF_LeafCumInit,TF,Tree Fruit (Oil Palm),tree_df,
TF_LeaffallClockTicks_is,TF,Tree Fruit (Oil Palm),tree_df,
TF_LeaffallCumNo,TF,Tree Fruit (Oil Palm),tree_df,
TF_LeaffallTime,TF,Tree Fruit (Oil Palm),tree_df,
TF_LeafTime,TF,Tree Fruit (Oil Palm),tree_df,
TF_LeafTurnOver,TF,Tree Fruit (Oil Palm),tree_df,
TF_LeavesTargetCum,TF,Tree Fruit (Oil Palm),tree_df,
TF_LeavesTargetF,TF,Tree Fruit (Oil Palm),tree_df,
TF_LiFall,TF,Tree Fruit (Oil Palm),tree_df,
TF_MaleDWloss,TF,Tree Fruit (Oil Palm),treefruit_df,
TF_MaleSinkperBunch,TF,Tree Fruit (Oil Palm),treefruit_df,
TF_MaleThresh,TF,Tree Fruit (Oil Palm),tree_df,
TF_MThreshtoWatStress,TF,Tree Fruit (Oil Palm),tree_df,
TF_NewLeaf_is,TF,Tree Fruit (Oil Palm),tree_df,
TF_NewLeaffall_is,TF,Tree Fruit (Oil Palm),tree_df,
TF_NextGender,TF,Tree Fruit (Oil Palm),tree_df,
TF_OilHarvest,TF,Tree Fruit (Oil Palm),tree_df,
TF_OilinFruits,TF,Tree Fruit (Oil Palm),treefruit_df,
TF_OilProd,TF,Tree Fruit (Oil Palm),tree_df,
TF_OldFrondBiom,TF,Tree Fruit (Oil Palm),tree_df,
TF_OldFrondChange,TF,Tree Fruit (Oil Palm),tree_df,
TF_OldFrontBiomass,TF,Tree Fruit (Oil Palm),tree_df,
TF_PalmTrunkHeight,TF,Tree Fruit (Oil Palm),tree_df,
TF_PalmTrunkIntercept,TF,Tree Fruit (Oil Palm),tree_df,
TF_PalmTrunkInternode,TF,Tree Fruit (Oil Palm),tree_df,
TF_PalmTtBiomToLvs,TF,Tree Fruit (Oil Palm),tree_df,
TF_PhyllochronStressed,TF,Tree Fruit (Oil Palm),tree_df,
TF_PhyllochronStressFac,TF,Tree Fruit (Oil Palm),tree_df,
TF_PhyllochronTime,TF,Tree Fruit (Oil Palm),tree_df,
TF_PollinationEffectiveness,TF,Tree Fruit (Oil Palm),,
TF_PotentialFrondLength,TF,Tree Fruit (Oil Palm),tree_df,
TF_PotentialStemD,TF,Tree Fruit (Oil Palm),tree_df,
TF_PotLeaffall,TF,Tree Fruit (Oil Palm),tree_df,
TF_PotPhyllochronTime,TF,Tree Fruit (Oil Palm),tree_df,
TF_RadiometricFraction,TF,Tree Fruit (Oil Palm),tree_df,
TF_RecentFrondLength,TF,Tree Fruit (Oil Palm),tree_df,
TF_RecentTWPosgro,TF,Tree Fruit (Oil Palm),tree_df,
TF_RelAgeNewLf,TF,Tree Fruit (Oil Palm),tree_df,
TF_RelStemAlloc,TF,Tree Fruit (Oil Palm),tree_df,
TF_RespforOilProd,TF,Tree Fruit (Oil Palm),tree_df,
TF_SexDetermination,TF,Tree Fruit (Oil Palm),tree_df,
TF_StageAbortSens,TF,Tree Fruit (Oil Palm),treefruit_df,
TF_StemDHistFrac,TF,Tree Fruit (Oil Palm),tree_df,
TF_StemDStressFactor,TF,Tree Fruit (Oil Palm),tree_df,
TF_StressedFrondLength,TF,Tree Fruit (Oil Palm),tree_df,
TF_StressRec,TF,Tree Fruit (Oil Palm),tree_df,
TF_TargetLeafAlloc,TF,Tree Fruit (Oil Palm),tree_df,
TF_TargetNewFrondBiom,TF,Tree Fruit (Oil Palm),tree_df,
TF_TargetOilCurr,TF,Tree Fruit (Oil Palm),treefruit_df,
TF_TargetOilperBunch,TF,Tree Fruit (Oil Palm),treefruit_df,
TF_TargetOilPrev,TF,Tree Fruit (Oil Palm),treefruit_df,
TF_TotalFruit,TF,Tree Fruit (Oil Palm),tree_df,
TF_TotFemS,TF,Tree Fruit (Oil Palm),treefruit_df,
TF_TotFlowerSink,TF,Tree Fruit (Oil Palm),tree_df,
TF_TotMaleS,TF,Tree Fruit (Oil Palm),treefruit_df,
TF_TrunkBiomass,TF,Tree Fruit (Oil Palm),tree_df,
TF_TrunkDiam,TF,Tree Fruit (Oil Palm),tree_df,
TF_TrunkDiamGrowth,TF,Tree Fruit (Oil Palm),tree_df,
TF_TrunkHIncr,TF,Tree Fruit (Oil Palm),tree_df,
TF_TrunkHIncStressFac,TF,Tree Fruit (Oil Palm),tree_df,
TF_TrunkIncrStressor,TF,Tree Fruit (Oil Palm),tree_df,
TF_TrunkTargetCum,TF,Tree Fruit (Oil Palm),tree_df,
TF_TrunkTargetF,TF,Tree Fruit (Oil Palm),tree_df,
TF_TrunkVolIncrement,TF,Tree Fruit (Oil Palm),tree_df,
TF_VegDemand,TF,Tree Fruit (Oil Palm),treepcomp_df,
TF_WatNutSuff,TF,Tree Fruit (Oil Palm),tree_df,
TF_WatStressAbortFrac,TF,Tree Fruit (Oil Palm),tree_df,
TF_WeightPassOn,TF,Tree Fruit (Oil Palm),treefruit_df,
TF_YNewLeaf_is,TF,Tree Fruit (Oil Palm),tree_df,
TF_YNewLeafF_is,TF,Tree Fruit (Oil Palm),tree_df,
TP_GrowthRate,TP,Tree Pest & Parasite,,
TP_NumberofParasites,TP,Tree Pest & Parasite,tree_df,
TP_Nutrient,TP,Tree Pest & Parasite,treenut_df,
TP_ParasiteBiomass,TP,Tree Pest & Parasite,treepcomp_df,
TP_ParasiteGrowth,TP,Tree Pest & Parasite,treepcomp_df,
TP_RelNutSupplChange,TP,Tree Pest & Parasite,tree_df,
TP_RelNutSupply,TP,Tree Pest & Parasite,tree_df,
TP_RelNutSupplyDelayed,TP,Tree Pest & Parasite,tree_df,
TP_RelWaterSupply,TP,Tree Pest & Parasite,tree_df,
TP_WaterDemand,TP,Tree Pest & Parasite,tree_df,
TRtRootDecZone,T,Tree Growth,zonepcomp_df,
TW_Best_is,TW,Tree Water,treebuf_df,
TW_CheckShouldBe,TW,Tree Water,tree_df,
TW_ConductanceSum,TW,Tree Water,tree_df,
TW_Condutc,TW,Tree Water,zonelayertree_df,
TW_DemandAct,TW,Tree Water,tree_df,
TW_DemandActAll,TW,Tree Water,,Yes
TW_DemandActRange,TW,Tree Water,treebuf_df,
TW_DemandPerRoot,TW,Tree Water,tree_df,
TW_DemandPot,TW,Tree Water,tree_df,
TW_DemandRedFac,TW,Tree Water,tree_df,
TW_DemandRedFacRange,TW,Tree Water,treebuf_df,
TW_DistAxialTransp,TW,Tree Water,zonetree_df,
TW_DistAxialTranspMean,TW,Tree Water,tree_df,
TW_DriestVoxel,TW,Tree Water,tree_df,
TW_DryFactPower,TW,Tree Water,tree_df,
TW_DryFactRangeInit,TW,Tree Water,buf_df,
TW_DryPowerMax,TW,Tree Water,,
TW_DryPowerMin,TW,Tree Water,,
TW_DrySoilWeightFac,TW,Tree Water,treebuf_df,
TW_EqTheta,TW,Tree Water,zonelayertree_df,
TW_HEgrad,TW,Tree Water,zonelayertree_df,
TW_HEqFactor,TW,Tree Water,tree_df,
TW_Hyd,TW,Tree Water,zonelayertree_df,
TW_HydFlux,TW,Tree Water,zonelayertree_df,
TW_HydFluxPosTot,TW,Tree Water,tree_df,
TW_HydFluxTot,TW,Tree Water,zonelayertree_df,
TW_m,TW,Tree Water,tree_df,
TW_MaxUptPot,TW,Tree Water,tree_df,
TW_MeanDepthHydEq,TW,Tree Water,zonetree_df,
TW_MeanDist,TW,Tree Water,tree_df,
TW_OffSetBest,TW,Tree Water,tree_df,
TW_PDryFactRUpd,TW,Tree Water,tree_df,
TW_pFPotRhizOptT,TW,Tree Water,zonetreebuf_df,
TW_pFZn,TW,Tree Water,zonetree_df,
TW_PhiPot,TW,Tree Water,zonelayertreebuf_df,
TW_Posgro,TW,Tree Water,tree_df,Yes
TW_PotAct,TW,Tree Water,tree_df,
TW_PotBest,TW,Tree Water,tree_df,
TW_PotDelta,TW,Tree Water,zonelayertree_df,
TW_PotFlux,TW,Tree Water,zonelayertree_df,
TW_PotFluxNeg,TW,Tree Water,tree_df,
TW_PotFluxPos,TW,Tree Water,tree_df,
TW_PotFluxSum,TW,Tree Water,tree_df,
TW_PotFluxSumAbs,TW,Tree Water,tree_df,
TW_PotFluxSumAbs,TW,Tree Water,zonelayertree_df,
TW_PotLongitudinal,TW,Tree Water,tree_df,
TW_PotPercvMax,TW,Tree Water,tree_df,
TW_PotPercvMin,TW,Tree Water,tree_df,
TW_PotRadial,TW,Tree Water,tree_df,
TW_PotRange,TW,Tree Water,treebuf_df,
TW_PotRhizOptT,TW,Tree Water,zonetreebuf_df,
TW_PotRhizTheta,TW,Tree Water,zonelayertreebuf_df,
TW_PotRhizZn,TW,Tree Water,zonetree_df,
TW_PotRhizZnCor,TW,Tree Water,zonetree_df,
TW_PotSoilMeanPerceived,TW,Tree Water,treebuf_df,
TW_PotSoilStep,TW,Tree Water,zonetreebuf_df,
TW_PotSoilStepMax,TW,Tree Water,zonetree_df,
TW_PotSoilStepMin,TW,Tree Water,zonetree_df,
TW_PotSuctAlphMax,TW,Tree Water,tree_df,
TW_PotSuctAlphMin,TW,Tree Water,tree_df,
TW_PotSuctHalf,TW,Tree Water,tree_df,
TW_PotUptOptAll,TW,Tree Water,treebuf_df,
TW_PStem,TW,Tree Water,layertree_df,
TW_PStemSum,TW,Tree Water,tree_df,
TW_PU,TW,Tree Water,treebuf_df,
TW_RInv,TW,Tree Water,zonelayertree_df,
TW_RInvSum,TW,Tree Water,tree_df,
TW_ScalingFacNegFluxes,TW,Tree Water,tree_df,
TW_ScalingFacPosFluxes,TW,Tree Water,tree_df,
TW_TUptZn,TW,Tree Water,zonetree_df,
TW_Upt,TW,Tree Water,layertree_df,
TW_UptDeno,TW,Tree Water,tree_df,
TW_UptDenoZn,TW,Tree Water,zonetree_df,
TW_UptPot,TW,Tree Water,tree_df,
TW_UptPotAll,TW,Tree Water,,Yes
TW_UptPotZn,TW,Tree Water,zonetree_df,
TW_UptRelH,TW,Tree Water,tree_df,
TW_UptRelV,TW,Tree Water,layertree_df,
TW_UptTot,TW,Tree Water,tree_df,
TW_UptTotAll,TW,Tree Water,,
TW_UptTree,TW,Tree Water,tree_df,
TW_WettestVoxel,TW,Tree Water,tree_df,
TW_YDayUptChange,TW,Tree Water,tree_df,
W_Alpha,W,Water,layer_df,
W_AnaerobiosisIndex,W,Water,zonelayer_df,
W_AnaerobiosisIndex,W,Water,zonelayer_df,
W_AvgRelHDrain,W,Water,layer_df,
W_BDLayer,W,Water,layer_df,
W_CUpt,W,Water,zonelayer_df,Yes zone
W_CUptPot,W,Water,zonelayer_df,
W_CUptPotAct,W,Water,zonelayer_df,
W_Drain,W,Water,zonelayer_df,
W_DrainCumV,W,Water,zone_df,Yes
W_DrainLeftOver,W,Water,zonelayer_df,
W_EstDrain,W,Water,zonelayer_df,
W_FieldCap,W,Water,zonelayer_df,
W_FieldCapKcrit,W,Water,zonelayer_df,
W_FlagCropMS,W,Water,zone_df,
W_FlagCropMW,W,Water,zone_df,
W_FlagCropS,W,Water,zone_df,
W_FlagCropW,W,Water,zone_df,
W_FlagTreeMS,W,Water,zonetree_df,
W_FlagTreeMW,W,Water,zonetree_df,
W_FlagTreeS,W,Water,zonetree_df,
W_FlagTreeW,W,Water,zonetree_df,
W_HDrain,W,Water,zonelayer_df,
W_HDrainF,W,Water,layer_df,
W_HRelDr,W,Water,zonetree_df,
W_HRelDrain,W,Water,zonelayer_df,
W_HRelDrZoneWid,W,Water,zonelayer_df,
W_HRellDr,W,Water,zone_df,
W_HydEquil,W,Water,zonelayer_df,
W_In,W,Water,zonelayer_df,
W_Irrigation,W,Water,,
W_KSatH,W,Water,zonelayer_df,
W_LatRecharge,W,Water,zonelayer_df,
W_MaxSoilEvap,W,Water,zone_df,
W_n,W,Water,layer_df,
W_NetSeep,W,Water,zonelayer_df,
W_pFMS,W,Water,zone_df,
W_pFMW,W,Water,zone_df,
W_pFS,W,Water,zone_df,
W_pFW,W,Water,zone_df,
W_PhiPMS,W,Water,zonelayer_df,
W_PhiPMW,W,Water,zonelayer_df,
W_PhiPRhizRange,W,Water,zonebuf_df,
W_PhiPS,W,Water,zonelayer_df,
W_PhiPW,W,Water,zonelayer_df,
W_PhiTheta,W,Water,zonelayer_df,
W_PoreVol,W,Water,zonelayer_df,
W_PoreVolAbFC,W,Water,zonelayer_df,
W_PotUptMS,W,Water,zonelayer_df,
W_PotUptMW,W,Water,zonelayer_df,
W_PotUptOpt,W,Water,zonelayertreebuf_df,
W_PotUptOptTprofileZn,W,Water,zonetreebuf_df,
W_PotUptS,W,Water,zonelayer_df,
W_PotUptTProfile,W,Water,treebuf_df,
W_PotUptW,W,Water,zonelayer_df,
W_PRMid,W,Water,zone_df,
W_PRMS,W,Water,zone_df,
W_PRMW,W,Water,zone_df,
W_PRS,W,Water,zone_df,
W_PRW,W,Water,zone_df,
W_PStem,W,Water,layertree_df,
W_PTheta,W,Water,zonelayer_df,
W_RelDrain,W,Water,zonelayer_df,
W_Seep,W,Water,zonetree_df,
W_SeepOut,W,Water,zone_df,
W_Stock,W,Water,zonelayer_df,Yes zone
W_StockAcc,W,Water,zonelayer_df,
W_TCW,W,Water,,
W_Theta,W,Water,zonelayer_df,
W_Theta,W,Water,zonelayer_df,
W_Theta,W,Water,zonelayer_df,
W_Theta,W,Water,zonetree_df,
W_Theta,W,Water,zonelayer_df,
W_ThetaI,W,Water,zonelayer_df,
W_ThetaInacc,W,Water,zonelayer_df,
W_ThetaMS,W,Water,zonelayer_df,
W_ThetaMW,W,Water,zonelayer_df,
W_ThetaP,W,Water,zonelayer_df,
W_ThetaPMax,W,Water,zone_df,
W_ThetaS,W,Water,zonelayer_df,
W_ThetaS,W,Water,zone_df,
W_ThetaSat,W,Water,layer_df,
W_ThetaW,W,Water,zonelayer_df,
W_TotSFlags,W,Water,zone_df,
W_TUpt,W,Water,zonelayer_df,Yes zone
W_TUptPot,W,Water,zonelayertree_df,
W_TUptPotAct,W,Water,zonelayertree_df,
W_UptCCum,W,Water,zonelayer_df,
W_UptTCum,W,Water,zonelayertree_df,
W_VDrain,W,Water,zonelayer_df,
W_VDrainF,W,Water,zone_df,
W_WatDef,W,Water,zonelayer_df,
W_WatDefLog,W,Water,zonelayer_df,
W_WaterfilledPoreF,W,Water,zonelayer_df,
W_WaterLog,W,Water,zonelayer_df,
W_Theta,W,Water,zonelayer_df,
GHG_NOFluxFld,GHG,Greenhouse Gas Emissions,,
GHG_NO_Em,GHG,Greenhouse Gas Emissions,zone_df,
GHG_NO_EmField,GHG,Greenhouse Gas Emissions,,
GHG_NO_Fraction,GHG,Greenhouse Gas Emissions,,
GHG_NOFluxFld,GHG,Greenhouse Gas Emissions,,
RT3_Beta0,RT3,Root (Type 3 Model),tree_df,
